customer_id,recency,frequency,monetary,r_score,f_score,m_score,rfm_score,segment
CUST00002,590,2,405.80999999999995,1,1,2,4,At Risk
CUST00003,180,4,663.95,3,3,3,9,Loyal
CUST00004,120,4,1057.65,4,3,4,11,Champions
CUST00005,7,5,852.14,4,4,4,12,Champions
CUST00006,60,2,254.26,4,1,1,6,Potential
CUST00007,302,5,1798.9099999999999,3,4,4,11,Champions
CUST00009,69,5,440.48,4,4,2,10,Champions
CUST00010,499,3,415.21000000000004,1,2,2,5,At Risk
CUST00011,47,5,531.3,4,4,3,11,Champions
CUST00012,273,5,834.26,3,4,4,11,Champions
CUST00013,367,4,784.21,2,3,4,9,Loyal
CUST00014,67,7,1135.96,4,4,4,12,Champions
CUST00015,189,2,442.23,3,1,2,6,Potential
CUST00016,300,3,523.89,3,2,3,8,Loyal
CUST00018,320,3,317.97,2,2,2,6,Potential
CUST00019,402,2,946.21,2,1,4,7,Potential
CUST00020,412,2,110.38,2,1,1,4,At Risk
CUST00021,387,5,559.64,2,4,3,9,Loyal
CUST00022,527,1,178.0,1,1,1,3,At Risk
CUST00023,346,4,740.25,2,3,3,8,Loyal
CUST00024,397,4,327.02,2,3,2,7,Potential
CUST00025,135,6,1119.73,4,4,4,12,Champions
CUST00026,334,2,233.74,2,1,1,4,At Risk
CUST00027,221,1,141.75,3,1,1,5,At Risk
CUST00028,457,4,423.09000000000003,2,3,2,7,Potential
CUST00029,319,1,47.46,2,1,1,4,At Risk
CUST00030,372,4,765.06,2,3,4,9,Loyal
CUST00031,230,4,653.11,3,3,3,9,Loyal
CUST00032,260,5,275.6,3,4,1,8,Loyal
CUST00034,208,1,175.56,3,1,1,5,At Risk
CUST00035,226,6,1251.78,3,4,4,11,Champions
CUST00036,317,3,326.88,2,2,2,6,Potential
CUST00037,258,6,1185.6,3,4,4,11,Champions
CUST00038,648,2,244.39000000000001,1,1,1,3,At Risk
CUST00039,295,2,342.89,3,1,2,6,Potential
CUST00040,370,1,218.55,2,1,1,4,At Risk
CUST00041,254,4,1002.47,3,3,4,10,Champions
CUST00043,562,3,410.63,1,2,2,5,At Risk
CUST00044,305,4,783.41,3,3,4,10,Champions
CUST00045,475,3,297.97,1,2,2,5,At Risk
CUST00046,546,3,1066.95,1,2,4,7,Potential
CUST00047,382,5,923.5,2,4,4,10,Champions
CUST00048,210,5,784.65,3,4,4,11,Champions
CUST00049,389,2,183.72,2,1,1,4,At Risk
CUST00050,550,1,94.76,1,1,1,3,At Risk
CUST00051,359,4,755.8399999999999,2,3,3,8,Loyal
CUST00052,397,5,504.07,2,4,3,9,Loyal
CUST00053,489,4,493.9,1,3,3,7,Potential
CUST00054,379,4,416.36,2,3,2,7,Potential
CUST00055,663,2,402.97,1,1,2,4,At Risk
CUST00056,337,6,571.79,2,4,3,9,Loyal
CUST00057,254,1,144.64,3,1,1,5,At Risk
CUST00058,67,4,321.8,4,3,2,9,Loyal
CUST00059,172,5,1373.33,3,4,4,11,Champions
CUST00060,426,2,680.9599999999999,2,1,3,6,Potential
CUST00061,584,3,864.3199999999999,1,2,4,7,Potential
CUST00062,549,2,477.46,1,1,2,4,At Risk
CUST00063,526,1,59.17,1,1,1,3,At Risk
CUST00064,117,4,545.33,4,3,3,10,Champions
CUST00065,290,2,352.31,3,1,2,6,Potential
CUST00066,308,6,1328.79,3,4,4,11,Champions
CUST00067,440,3,315.32,2,2,2,6,Potential
CUST00068,294,2,349.6,3,1,2,6,Potential
CUST00069,34,4,576.55,4,3,3,10,Champions
CUST00070,74,3,400.96999999999997,4,2,2,8,Loyal
CUST00071,379,4,278.73,2,3,1,6,Potential
CUST00072,352,3,483.42,2,2,2,6,Potential
CUST00073,336,2,217.64,2,1,1,4,At Risk
CUST00074,114,4,510.09999999999997,4,3,3,10,Champions
CUST00075,714,1,451.78,1,1,2,4,At Risk
CUST00076,412,3,348.96,2,2,2,6,Potential
CUST00077,272,5,584.04,3,4,3,10,Champions
CUST00078,427,4,1165.1,2,3,4,9,Loyal
CUST00079,204,4,651.02,3,3,3,9,Loyal
CUST00080,512,2,74.16,1,1,1,3,At Risk
CUST00082,429,6,859.7700000000001,2,4,4,10,Champions
CUST00083,229,2,332.58,3,1,2,6,Potential
CUST00084,25,4,881.8299999999999,4,3,4,11,Champions
CUST00085,118,4,341.96000000000004,4,3,2,9,Loyal
CUST00086,192,4,385.65,3,3,2,8,Loyal
CUST00087,192,5,625.18,3,4,3,10,Champions
CUST00088,34,1,47.94,4,1,1,6,Potential
CUST00089,214,1,48.48,3,1,1,5,At Risk
CUST00090,440,1,77.24,2,1,1,4,At Risk
CUST00092,6,10,1104.13,4,4,4,12,Champions
CUST00093,527,3,361.15999999999997,1,2,2,5,At Risk
CUST00094,229,6,1024.78,3,4,4,11,Champions
CUST00095,575,4,914.3399999999999,1,3,4,8,Loyal
CUST00097,498,3,393.15,1,2,2,5,At Risk
CUST00098,374,5,476.15,2,4,2,8,Loyal
CUST00099,373,3,664.14,2,2,3,7,Potential
CUST00100,534,3,498.40999999999997,1,2,3,6,Potential
CUST00101,502,4,441.35,1,3,2,6,Potential
CUST00102,459,4,794.6400000000001,2,3,4,9,Loyal
CUST00103,18,3,644.0600000000001,4,2,3,9,Loyal
CUST00104,178,3,293.71,3,2,2,7,Potential
CUST00105,294,3,344.94,3,2,2,7,Potential
CUST00106,102,6,312.46,4,4,2,10,Champions
CUST00107,161,4,511.68,3,3,3,9,Loyal
CUST00108,59,5,433.65999999999997,4,4,2,10,Champions
CUST00109,218,2,453.11,3,1,2,6,Potential
CUST00110,317,7,1216.25,2,4,4,10,Champions
CUST00111,397,5,539.38,2,4,3,9,Loyal
CUST00112,410,6,1071.72,2,4,4,10,Champions
CUST00113,346,2,586.56,2,1,3,6,Potential
CUST00114,505,3,708.8399999999999,1,2,3,6,Potential
CUST00116,556,3,478.63,1,2,2,5,At Risk
CUST00117,650,1,523.74,1,1,3,5,At Risk
CUST00118,698,1,55.1,1,1,1,3,At Risk
CUST00119,241,5,696.0,3,4,3,10,Champions
CUST00120,186,6,915.47,3,4,4,11,Champions
CUST00121,536,3,1221.57,1,2,4,7,Potential
CUST00122,394,4,451.76,2,3,2,7,Potential
CUST00123,441,4,232.42000000000002,2,3,1,6,Potential
CUST00124,468,4,477.49,1,3,2,6,Potential
CUST00125,178,5,556.6700000000001,3,4,3,10,Champions
CUST00126,114,5,962.58,4,4,4,12,Champions
CUST00127,37,2,202.7,4,1,1,6,Potential
CUST00128,281,3,563.75,3,2,3,8,Loyal
CUST00129,163,6,645.19,3,4,3,10,Champions
CUST00131,75,4,429.59999999999997,4,3,2,9,Loyal
CUST00132,47,4,889.1400000000001,4,3,4,11,Champions
CUST00133,37,6,1239.94,4,4,4,12,Champions
CUST00134,149,3,461.26,4,2,2,8,Loyal
CUST00135,102,2,742.8599999999999,4,1,3,8,Loyal
CUST00136,566,4,416.38,1,3,2,6,Potential
CUST00137,664,1,226.97,1,1,1,3,At Risk
CUST00138,337,3,675.68,2,2,3,7,Potential
CUST00139,440,3,582.52,2,2,3,7,Potential
CUST00140,484,1,88.54,1,1,1,3,At Risk
CUST00141,464,2,121.13,1,1,1,3,At Risk
CUST00142,200,2,300.96,3,1,2,6,Potential
CUST00143,135,2,79.9,4,1,1,6,Potential
CUST00144,219,3,567.97,3,2,3,8,Loyal
CUST00145,144,4,628.9300000000001,4,3,3,10,Champions
CUST00146,114,7,706.4,4,4,3,11,Champions
CUST00147,10,4,564.99,4,3,3,10,Champions
CUST00148,299,3,408.7900000000001,3,2,2,7,Potential
CUST00149,384,2,1074.37,2,1,4,7,Potential
CUST00150,85,2,292.38,4,1,2,7,Potential
CUST00151,551,2,91.56,1,1,1,3,At Risk
CUST00152,563,1,54.39,1,1,1,3,At Risk
CUST00153,390,7,2143.6800000000003,2,4,4,10,Champions
CUST00154,176,4,272.09999999999997,3,3,1,7,Potential
CUST00155,405,2,136.29,2,1,1,4,At Risk
CUST00156,441,4,313.11,2,3,2,7,Potential
CUST00157,154,5,564.36,4,4,3,11,Champions
CUST00158,614,4,673.25,1,3,3,7,Potential
CUST00159,622,3,391.88,1,2,2,5,At Risk
CUST00161,532,2,266.25,1,1,1,3,At Risk
CUST00162,427,3,1005.14,2,2,4,8,Loyal
CUST00163,245,4,410.19,3,3,2,8,Loyal
CUST00164,24,5,783.45,4,4,4,12,Champions
CUST00165,650,2,337.38,1,1,2,4,At Risk
CUST00166,327,3,327.28000000000003,2,2,2,6,Potential
CUST00167,253,4,881.51,3,3,4,10,Champions
CUST00168,21,2,439.38,4,1,2,7,Potential
CUST00169,405,5,901.6800000000001,2,4,4,10,Champions
CUST00170,336,2,224.04,2,1,1,4,At Risk
CUST00171,231,3,631.63,3,2,3,8,Loyal
CUST00172,72,2,448.27,4,1,2,7,Potential
CUST00173,463,3,1512.7,1,2,4,7,Potential
CUST00174,43,4,281.81,4,3,1,8,Loyal
CUST00175,87,6,832.8100000000001,4,4,4,12,Champions
CUST00176,289,2,126.19,3,1,1,5,At Risk
CUST00177,449,2,262.5,2,1,1,4,At Risk
CUST00178,242,3,383.54,3,2,2,7,Potential
CUST00179,425,2,254.45,2,1,1,4,At Risk
CUST00180,399,2,699.51,2,1,3,6,Potential
CUST00181,277,4,790.08,3,3,4,10,Champions
CUST00182,638,4,371.08,1,3,2,6,Potential
CUST00183,261,3,913.09,3,2,4,9,Loyal
CUST00184,540,5,521.91,1,4,3,8,Loyal
CUST00185,360,4,754.3,2,3,3,8,Loyal
CUST00186,537,2,995.24,1,1,4,6,Potential
CUST00187,203,5,925.6500000000001,3,4,4,11,Champions
CUST00188,113,3,904.94,4,2,4,10,Champions
CUST00189,295,7,880.28,3,4,4,11,Champions
CUST00190,27,6,636.8299999999999,4,4,3,11,Champions
CUST00191,304,3,509.95000000000005,3,2,3,8,Loyal
CUST00192,229,5,806.1400000000001,3,4,4,11,Champions
CUST00193,216,5,950.22,3,4,4,11,Champions
CUST00194,407,4,507.24,2,3,3,8,Loyal
CUST00195,373,2,684.59,2,1,3,6,Potential
CUST00196,302,5,904.84,3,4,4,11,Champions
CUST00197,572,4,609.98,1,3,3,7,Potential
CUST00198,277,5,398.84000000000003,3,4,2,9,Loyal
CUST00199,503,4,353.90999999999997,1,3,2,6,Potential
CUST00200,478,3,674.17,1,2,3,6,Potential
CUST00201,386,1,60.02,2,1,1,4,At Risk
CUST00202,143,4,432.76,4,3,2,9,Loyal
CUST00203,683,2,168.42,1,1,1,3,At Risk
CUST00204,252,5,684.42,3,4,3,10,Champions
CUST00205,35,3,241.9,4,2,1,7,Potential
CUST00206,179,5,1024.09,3,4,4,11,Champions
CUST00207,173,4,750.79,3,3,3,9,Loyal
CUST00208,34,5,1319.49,4,4,4,12,Champions
CUST00209,249,4,901.32,3,3,4,10,Champions
CUST00210,250,1,86.86,3,1,1,5,At Risk
CUST00211,163,7,2112.92,3,4,4,11,Champions
CUST00212,286,4,614.16,3,3,3,9,Loyal
CUST00213,256,3,336.5,3,2,2,7,Potential
CUST00214,347,5,987.46,2,4,4,10,Champions
CUST00215,655,1,74.18,1,1,1,3,At Risk
CUST00216,387,2,238.33,2,1,1,4,At Risk
CUST00217,702,1,484.56,1,1,2,4,At Risk
CUST00218,193,4,922.81,3,3,4,10,Champions
CUST00219,700,2,216.28,1,1,1,3,At Risk
CUST00220,632,1,403.64,1,1,2,4,At Risk
CUST00221,156,2,88.85,4,1,1,6,Potential
CUST00222,512,4,297.73,1,3,2,6,Potential
CUST00223,470,3,1261.92,1,2,4,7,Potential
CUST00224,120,6,741.85,4,4,3,11,Champions
CUST00225,281,2,128.71,3,1,1,5,At Risk
CUST00227,128,3,598.85,4,2,3,9,Loyal
CUST00228,46,10,1305.57,4,4,4,12,Champions
CUST00229,288,4,273.55,3,3,1,7,Potential
CUST00230,600,2,511.18,1,1,3,5,At Risk
CUST00232,27,3,120.68,4,2,1,7,Potential
CUST00233,369,3,647.39,2,2,3,7,Potential
CUST00234,717,1,242.62,1,1,1,3,At Risk
CUST00235,50,4,614.97,4,3,3,10,Champions
CUST00236,443,2,495.47,2,1,3,6,Potential
CUST00237,22,5,636.27,4,4,3,11,Champions
CUST00238,213,4,663.8199999999999,3,3,3,9,Loyal
CUST00240,502,3,612.31,1,2,3,6,Potential
CUST00241,542,3,409.36,1,2,2,5,At Risk
CUST00242,649,1,104.62,1,1,1,3,At Risk
CUST00243,449,1,49.05,2,1,1,4,At Risk
CUST00244,66,4,717.97,4,3,3,10,Champions
CUST00245,142,5,383.41,4,4,2,10,Champions
CUST00246,79,9,1685.0,4,4,4,12,Champions
CUST00247,605,5,1230.8400000000001,1,4,4,9,Loyal
CUST00248,282,2,344.78,3,1,2,6,Potential
CUST00249,497,2,207.85999999999999,1,1,1,3,At Risk
CUST00250,422,4,668.11,2,3,3,8,Loyal
CUST00251,448,1,92.38,2,1,1,4,At Risk
CUST00252,130,2,255.68,4,1,1,6,Potential
CUST00253,185,2,617.8,3,1,3,7,Potential
CUST00254,708,2,336.48,1,1,2,4,At Risk
CUST00255,125,4,1053.29,4,3,4,11,Champions
CUST00256,145,2,302.69,4,1,2,7,Potential
CUST00257,457,5,589.48,2,4,3,9,Loyal
CUST00258,150,5,1018.37,4,4,4,12,Champions
CUST00259,561,3,307.71,1,2,2,5,At Risk
CUST00260,133,3,625.84,4,2,3,9,Loyal
CUST00261,258,2,233.96999999999997,3,1,1,5,At Risk
CUST00262,673,3,291.56,1,2,2,5,At Risk
CUST00264,252,3,639.28,3,2,3,8,Loyal
CUST00265,365,5,720.48,2,4,3,9,Loyal
CUST00266,67,5,942.4300000000001,4,4,4,12,Champions
CUST00267,112,2,134.39000000000001,4,1,1,6,Potential
CUST00268,278,6,1674.3700000000001,3,4,4,11,Champions
CUST00269,236,2,363.99,3,1,2,6,Potential
CUST00270,152,5,819.65,4,4,4,12,Champions
CUST00271,119,4,522.65,4,3,3,10,Champions
CUST00272,343,2,642.55,2,1,3,6,Potential
CUST00273,148,6,1209.93,4,4,4,12,Champions
CUST00275,301,3,479.42,3,2,2,7,Potential
CUST00277,385,3,292.16,2,2,2,6,Potential
CUST00278,144,5,907.07,4,4,4,12,Champions
CUST00279,124,3,484.77,4,2,2,8,Loyal
CUST00280,254,5,525.58,3,4,3,10,Champions
CUST00281,466,5,982.49,1,4,4,9,Loyal
CUST00282,498,1,161.88,1,1,1,3,At Risk
CUST00283,245,5,888.79,3,4,4,11,Champions
CUST00284,623,3,321.22,1,2,2,5,At Risk
CUST00285,59,4,691.9100000000001,4,3,3,10,Champions
CUST00286,396,3,368.2,2,2,2,6,Potential
CUST00287,436,3,523.16,2,2,3,7,Potential
CUST00288,475,2,523.3,1,1,3,5,At Risk
CUST00289,503,1,98.64,1,1,1,3,At Risk
CUST00290,541,2,273.7,1,1,1,3,At Risk
CUST00291,368,4,332.21000000000004,2,3,2,7,Potential
CUST00292,105,2,1033.92,4,1,4,9,Loyal
CUST00293,293,3,470.21000000000004,3,2,2,7,Potential
CUST00294,266,3,152.07,3,2,1,6,Potential
CUST00295,487,4,510.62,1,3,3,7,Potential
CUST00296,59,6,1112.75,4,4,4,12,Champions
CUST00297,167,5,353.05,3,4,2,9,Loyal
CUST00298,541,2,548.35,1,1,3,5,At Risk
CUST00299,640,1,159.68,1,1,1,3,At Risk
CUST00300,275,4,643.54,3,3,3,9,Loyal
CUST00301,418,4,844.95,2,3,4,9,Loyal
CUST00302,200,1,193.45,3,1,1,5,At Risk
CUST00303,58,10,1452.75,4,4,4,12,Champions
CUST00304,140,3,291.34000000000003,4,2,2,8,Loyal
CUST00305,14,5,968.87,4,4,4,12,Champions
CUST00306,545,5,739.4300000000001,1,4,3,8,Loyal
CUST00307,511,4,788.24,1,3,4,8,Loyal
CUST00308,415,3,385.03000000000003,2,2,2,6,Potential
CUST00309,332,3,170.49,2,2,1,5,At Risk
CUST00310,601,2,162.63,1,1,1,3,At Risk
CUST00311,378,3,408.92,2,2,2,6,Potential
CUST00312,455,3,285.82,2,2,2,6,Potential
CUST00313,569,2,351.75,1,1,2,4,At Risk
CUST00314,694,1,324.28,1,1,2,4,At Risk
CUST00315,36,3,797.35,4,2,4,10,Champions
CUST00316,510,4,706.8299999999999,1,3,3,7,Potential
CUST00317,147,3,586.6800000000001,4,2,3,9,Loyal
CUST00318,619,4,703.09,1,3,3,7,Potential
CUST00319,545,2,365.51,1,1,2,4,At Risk
CUST00320,159,5,875.35,3,4,4,11,Champions
CUST00321,189,6,539.98,3,4,3,10,Champions
CUST00323,311,1,97.82,3,1,1,5,At Risk
CUST00324,59,3,781.62,4,2,4,10,Champions
CUST00325,691,1,13.82,1,1,1,3,At Risk
CUST00326,276,4,948.62,3,3,4,10,Champions
CUST00327,139,3,415.01,4,2,2,8,Loyal
CUST00328,139,5,712.48,4,4,3,11,Champions
CUST00329,131,6,1185.48,4,4,4,12,Champions
CUST00330,265,5,582.86,3,4,3,10,Champions
CUST00331,326,3,880.27,2,2,4,8,Loyal
CUST00332,139,3,523.13,4,2,3,9,Loyal
CUST00334,58,6,946.0,4,4,4,12,Champions
CUST00335,311,3,835.69,3,2,4,9,Loyal
CUST00336,253,5,582.74,3,4,3,10,Champions
CUST00337,716,1,531.48,1,1,3,5,At Risk
CUST00338,227,3,442.48,3,2,2,7,Potential
CUST00339,555,6,539.0899999999999,1,4,3,8,Loyal
CUST00340,135,6,738.95,4,4,3,11,Champions
CUST00341,663,1,299.32,1,1,2,4,At Risk
CUST00342,14,4,425.19,4,3,2,9,Loyal
CUST00343,62,3,305.01,4,2,2,8,Loyal
CUST00344,361,5,664.5,2,4,3,9,Loyal
CUST00345,288,5,617.0,3,4,3,10,Champions
CUST00346,104,3,324.84,4,2,2,8,Loyal
CUST00347,163,4,606.29,3,3,3,9,Loyal
CUST00348,394,2,223.72,2,1,1,4,At Risk
CUST00349,237,4,694.16,3,3,3,9,Loyal
CUST00350,194,5,981.3399999999999,3,4,4,11,Champions
CUST00351,317,5,377.42,2,4,2,8,Loyal
CUST00352,166,5,603.4499999999999,3,4,3,10,Champions
CUST00353,365,3,496.13,2,2,3,7,Potential
CUST00354,268,5,606.17,3,4,3,10,Champions
CUST00355,14,3,231.05,4,2,1,7,Potential
CUST00356,388,8,1099.24,2,4,4,10,Champions
CUST00357,91,3,568.14,4,2,3,9,Loyal
CUST00358,55,4,598.31,4,3,3,10,Champions
CUST00359,512,3,398.17,1,2,2,5,At Risk
CUST00360,356,4,748.5899999999999,2,3,3,8,Loyal
CUST00361,170,5,879.14,3,4,4,11,Champions
CUST00362,517,1,621.21,1,1,3,5,At Risk
CUST00363,191,4,613.19,3,3,3,9,Loyal
CUST00364,285,3,436.09,3,2,2,7,Potential
CUST00365,601,3,406.25,1,2,2,5,At Risk
CUST00366,153,5,716.69,4,4,3,11,Champions
CUST00367,493,6,998.46,1,4,4,9,Loyal
CUST00368,346,9,1417.4,2,4,4,10,Champions
CUST00369,131,8,1108.91,4,4,4,12,Champions
CUST00370,214,4,752.32,3,3,3,9,Loyal
CUST00371,603,1,246.64,1,1,1,3,At Risk
CUST00372,480,3,281.16,1,2,1,4,At Risk
CUST00373,368,5,1036.64,2,4,4,10,Champions
CUST00374,62,3,445.13,4,2,2,8,Loyal
CUST00375,447,3,396.78000000000003,2,2,2,6,Potential
CUST00376,544,3,333.81,1,2,2,5,At Risk
CUST00377,102,5,620.09,4,4,3,11,Champions
CUST00378,483,1,147.5,1,1,1,3,At Risk
CUST00379,191,5,1168.66,3,4,4,11,Champions
CUST00380,418,3,380.98,2,2,2,6,Potential
CUST00381,384,4,837.12,2,3,4,9,Loyal
CUST00382,246,3,351.08,3,2,2,7,Potential
CUST00383,621,4,279.36,1,3,1,5,At Risk
CUST00384,131,4,1417.75,4,3,4,11,Champions
CUST00385,529,1,52.33,1,1,1,3,At Risk
CUST00386,358,4,628.7,2,3,3,8,Loyal
CUST00387,19,6,717.43,4,4,3,11,Champions
CUST00388,307,5,567.54,3,4,3,10,Champions
CUST00389,61,3,397.44,4,2,2,8,Loyal
CUST00390,41,2,298.41999999999996,4,1,2,7,Potential
CUST00392,60,4,584.27,4,3,3,10,Champions
CUST00393,8,6,346.47,4,4,2,10,Champions
CUST00394,196,4,328.14,3,3,2,8,Loyal
CUST00395,206,5,940.14,3,4,4,11,Champions
CUST00396,338,6,816.56,2,4,4,10,Champions
CUST00397,165,4,1261.58,3,3,4,10,Champions
CUST00398,525,4,518.88,1,3,3,7,Potential
CUST00399,76,7,1152.02,4,4,4,12,Champions
CUST00400,423,1,184.81,2,1,1,4,At Risk
CUST00401,52,7,1024.91,4,4,4,12,Champions
CUST00402,160,6,696.33,3,4,3,10,Champions
CUST00403,343,3,266.47,2,2,1,5,At Risk
CUST00404,481,3,851.33,1,2,4,7,Potential
CUST00405,584,1,47.3,1,1,1,3,At Risk
CUST00406,526,3,275.33,1,2,1,4,At Risk
CUST00407,478,3,602.9599999999999,1,2,3,6,Potential
CUST00408,166,4,631.41,3,3,3,9,Loyal
CUST00409,248,5,380.74,3,4,2,9,Loyal
CUST00410,400,5,299.90999999999997,2,4,2,8,Loyal
CUST00411,430,4,556.87,2,3,3,8,Loyal
CUST00412,60,3,591.9300000000001,4,2,3,9,Loyal
CUST00413,254,3,326.73,3,2,2,7,Potential
CUST00414,548,2,207.22,1,1,1,3,At Risk
CUST00415,115,4,409.57,4,3,2,9,Loyal
CUST00416,380,2,438.28,2,1,2,5,At Risk
CUST00417,479,2,364.52,1,1,2,4,At Risk
CUST00418,541,1,417.79,1,1,2,4,At Risk
CUST00419,379,2,416.07,2,1,2,5,At Risk
CUST00420,713,1,301.02,1,1,2,4,At Risk
CUST00421,283,2,239.1,3,1,1,5,At Risk
CUST00422,689,3,264.56,1,2,1,4,At Risk
CUST00423,245,4,459.51,3,3,2,8,Loyal
CUST00424,594,2,199.46,1,1,1,3,At Risk
CUST00425,42,1,246.39,4,1,1,6,Potential
CUST00426,316,3,255.87,2,2,1,5,At Risk
CUST00427,381,5,427.51,2,4,2,8,Loyal
CUST00428,439,4,480.71,2,3,2,7,Potential
CUST00429,405,5,643.98,2,4,3,9,Loyal
CUST00430,635,1,387.85,1,1,2,4,At Risk
CUST00431,86,2,458.84000000000003,4,1,2,7,Potential
CUST00432,276,3,207.71,3,2,1,6,Potential
CUST00433,557,2,266.0,1,1,1,3,At Risk
CUST00434,366,4,702.14,2,3,3,8,Loyal
CUST00435,438,4,201.91,2,3,1,6,Potential
CUST00436,307,4,977.97,3,3,4,10,Champions
CUST00437,544,3,458.40999999999997,1,2,2,5,At Risk
CUST00438,523,2,507.42,1,1,3,5,At Risk
CUST00439,612,1,38.74,1,1,1,3,At Risk
CUST00440,217,2,226.4,3,1,1,5,At Risk
CUST00441,86,4,841.9200000000001,4,3,4,11,Champions
CUST00442,350,4,668.98,2,3,3,8,Loyal
CUST00443,13,2,673.0699999999999,4,1,3,8,Loyal
CUST00444,114,2,92.37,4,1,1,6,Potential
CUST00445,79,4,653.37,4,3,3,10,Champions
CUST00446,516,4,804.99,1,3,4,8,Loyal
CUST00447,141,2,169.73000000000002,4,1,1,6,Potential
CUST00448,356,2,121.84,2,1,1,4,At Risk
CUST00449,118,5,791.5500000000001,4,4,4,12,Champions
CUST00450,284,5,1515.46,3,4,4,11,Champions
CUST00451,665,1,103.33,1,1,1,3,At Risk
CUST00453,255,5,786.6,3,4,4,11,Champions
CUST00454,100,5,620.97,4,4,3,11,Champions
CUST00455,293,2,269.76,3,1,1,5,At Risk
CUST00456,303,4,369.43,3,3,2,8,Loyal
CUST00457,538,1,417.63,1,1,2,4,At Risk
CUST00458,399,6,705.32,2,4,3,9,Loyal
CUST00459,221,4,672.69,3,3,3,9,Loyal
CUST00460,298,4,1552.02,3,3,4,10,Champions
CUST00461,356,4,419.39,2,3,2,7,Potential
CUST00462,25,2,343.95,4,1,2,7,Potential
CUST00463,395,1,180.83,2,1,1,4,At Risk
CUST00464,19,6,1033.22,4,4,4,12,Champions
CUST00465,151,3,381.86,4,2,2,8,Loyal
CUST00466,359,7,1626.1200000000001,2,4,4,10,Champions
CUST00467,353,2,87.99,2,1,1,4,At Risk
CUST00468,156,2,464.42,4,1,2,7,Potential
CUST00469,102,6,657.89,4,4,3,11,Champions
CUST00470,426,3,373.52,2,2,2,6,Potential
CUST00471,586,2,315.28000000000003,1,1,2,4,At Risk
CUST00472,309,5,1061.27,3,4,4,11,Champions
CUST00473,302,2,169.41,3,1,1,5,At Risk
CUST00474,501,1,150.74,1,1,1,3,At Risk
CUST00475,648,3,1103.98,1,2,4,7,Potential
CUST00476,174,2,243.99,3,1,1,5,At Risk
CUST00478,687,1,184.14,1,1,1,3,At Risk
CUST00479,59,4,343.26,4,3,2,9,Loyal
CUST00480,337,4,1009.48,2,3,4,9,Loyal
CUST00481,150,6,531.26,4,4,3,11,Champions
CUST00482,629,3,286.89,1,2,2,5,At Risk
CUST00483,73,4,660.04,4,3,3,10,Champions
CUST00484,445,1,506.56,2,1,3,6,Potential
CUST00485,485,3,543.25,1,2,3,6,Potential
CUST00486,115,3,645.4300000000001,4,2,3,9,Loyal
CUST00487,294,4,275.55,3,3,1,7,Potential
CUST00488,99,6,1003.1899999999999,4,4,4,12,Champions
CUST00489,528,3,483.90999999999997,1,2,2,5,At Risk
CUST00490,48,5,1100.88,4,4,4,12,Champions
CUST00491,197,8,1119.5,3,4,4,11,Champions
CUST00492,541,4,770.27,1,3,4,8,Loyal
CUST00493,115,4,605.81,4,3,3,10,Champions
CUST00494,373,5,420.92,2,4,2,8,Loyal
CUST00495,345,2,25.159999999999997,2,1,1,4,At Risk
CUST00496,12,3,523.55,4,2,3,9,Loyal
CUST00497,505,2,135.0,1,1,1,3,At Risk
CUST00498,376,6,1069.31,2,4,4,10,Champions
CUST00499,323,6,802.42,2,4,4,10,Champions
CUST00500,484,2,147.59,1,1,1,3,At Risk
CUST00501,369,2,763.02,2,1,4,7,Potential
CUST00502,307,6,988.5999999999999,3,4,4,11,Champions
CUST00503,225,4,889.52,3,3,4,10,Champions
CUST00504,495,1,234.18,1,1,1,3,At Risk
CUST00505,51,6,1145.08,4,4,4,12,Champions
CUST00506,45,6,926.9,4,4,4,12,Champions
CUST00507,318,3,375.16,2,2,2,6,Potential
CUST00508,327,5,454.38,2,4,2,8,Loyal
CUST00509,236,4,1028.57,3,3,4,10,Champions
CUST00510,485,2,241.60999999999999,1,1,1,3,At Risk
CUST00511,627,3,769.57,1,2,4,7,Potential
CUST00512,704,1,238.73,1,1,1,3,At Risk
CUST00513,293,3,361.92,3,2,2,7,Potential
CUST00514,190,7,1051.73,3,4,4,11,Champions
CUST00515,123,5,782.8299999999999,4,4,4,12,Champions
CUST00516,58,3,858.96,4,2,4,10,Champions
CUST00517,213,3,192.1,3,2,1,6,Potential
CUST00518,545,1,99.97,1,1,1,3,At Risk
CUST00519,189,5,620.22,3,4,3,10,Champions
CUST00520,290,5,1992.84,3,4,4,11,Champions
CUST00521,56,6,635.05,4,4,3,11,Champions
CUST00522,672,3,798.26,1,2,4,7,Potential
CUST00523,224,5,328.95000000000005,3,4,2,9,Loyal
CUST00524,440,4,852.0,2,3,4,9,Loyal
CUST00525,417,3,312.47,2,2,2,6,Potential
CUST00526,623,2,288.87,1,1,2,4,At Risk
CUST00527,446,4,504.12,2,3,3,8,Loyal
CUST00528,279,3,662.97,3,2,3,8,Loyal
CUST00529,88,5,977.73,4,4,4,12,Champions
CUST00530,478,7,1234.13,1,4,4,9,Loyal
CUST00531,236,6,1193.87,3,4,4,11,Champions
CUST00532,318,3,549.82,2,2,3,7,Potential
CUST00533,263,3,196.45999999999998,3,2,1,6,Potential
CUST00534,577,2,239.86,1,1,1,3,At Risk
CUST00535,599,3,870.99,1,2,4,7,Potential
CUST00536,134,5,758.55,4,4,3,11,Champions
CUST00537,70,4,618.0,4,3,3,10,Champions
CUST00538,381,3,222.48,2,2,1,5,At Risk
CUST00539,200,3,377.61,3,2,2,7,Potential
CUST00540,483,4,1085.49,1,3,4,8,Loyal
CUST00541,222,3,92.41999999999999,3,2,1,6,Potential
CUST00542,52,5,515.58,4,4,3,11,Champions
CUST00543,74,4,620.12,4,3,3,10,Champions
CUST00544,565,2,405.46,1,1,2,4,At Risk
CUST00545,313,4,434.15000000000003,2,3,2,7,Potential
CUST00546,520,3,319.8,1,2,2,5,At Risk
CUST00547,730,1,51.32,1,1,1,3,At Risk
CUST00548,376,5,843.27,2,4,4,10,Champions
CUST00549,441,3,403.85,2,2,2,6,Potential
CUST00550,639,1,417.22,1,1,2,4,At Risk
CUST00551,4,2,285.78999999999996,4,1,2,7,Potential
CUST00552,5,3,1173.8799999999999,4,2,4,10,Champions
CUST00553,143,6,641.96,4,4,3,11,Champions
CUST00554,486,3,394.3,1,2,2,5,At Risk
CUST00555,478,3,333.29,1,2,2,5,At Risk
CUST00556,622,1,95.76,1,1,1,3,At Risk
CUST00557,515,4,692.41,1,3,3,7,Potential
CUST00558,15,5,561.78,4,4,3,11,Champions
CUST00559,701,1,720.37,1,1,3,5,At Risk
CUST00560,419,3,468.39,2,2,2,6,Potential
CUST00561,303,2,311.02,3,1,2,6,Potential
CUST00562,107,8,1436.71,4,4,4,12,Champions
CUST00563,343,5,1010.02,2,4,4,10,Champions
CUST00564,531,2,150.56,1,1,1,3,At Risk
CUST00566,305,5,1324.4,3,4,4,11,Champions
CUST00567,323,3,399.27,2,2,2,6,Potential
CUST00568,465,4,448.73999999999995,1,3,2,6,Potential
CUST00569,51,4,794.79,4,3,4,11,Champions
CUST00570,94,6,621.93,4,4,3,11,Champions
CUST00571,121,6,1655.76,4,4,4,12,Champions
CUST00572,478,4,815.31,1,3,4,8,Loyal
CUST00573,191,3,187.76000000000002,3,2,1,6,Potential
CUST00575,105,2,534.1,4,1,3,8,Loyal
CUST00576,138,5,910.78,4,4,4,12,Champions
CUST00577,187,2,423.24,3,1,2,6,Potential
CUST00578,614,2,242.09,1,1,1,3,At Risk
CUST00579,539,1,108.32,1,1,1,3,At Risk
CUST00580,244,5,599.49,3,4,3,10,Champions
CUST00581,366,2,416.56,2,1,2,5,At Risk
CUST00582,674,1,144.77,1,1,1,3,At Risk
CUST00583,348,2,467.46000000000004,2,1,2,5,At Risk
CUST00584,180,3,591.41,3,2,3,8,Loyal
CUST00585,435,1,54.26,2,1,1,4,At Risk
CUST00586,9,4,702.4300000000001,4,3,3,10,Champions
CUST00587,302,3,416.55,3,2,2,7,Potential
CUST00588,217,3,635.76,3,2,3,8,Loyal
CUST00589,569,4,625.51,1,3,3,7,Potential
CUST00590,260,2,373.79,3,1,2,6,Potential
CUST00592,254,2,315.58000000000004,3,1,2,6,Potential
CUST00593,137,5,706.33,4,4,3,11,Champions
CUST00594,554,4,1013.75,1,3,4,8,Loyal
CUST00595,222,2,295.98,3,1,2,6,Potential
CUST00596,572,3,463.85,1,2,2,5,At Risk
CUST00597,464,2,325.35,1,1,2,4,At Risk
CUST00598,132,3,190.31,4,2,1,7,Potential
CUST00599,454,4,813.43,2,3,4,9,Loyal
CUST00600,226,6,782.65,3,4,4,11,Champions
CUST00601,343,4,485.86,2,3,2,7,Potential
CUST00602,428,3,711.6899999999999,2,2,3,7,Potential
CUST00603,598,1,237.68,1,1,1,3,At Risk
CUST00604,610,1,172.26,1,1,1,3,At Risk
CUST00605,619,1,278.3,1,1,1,3,At Risk
CUST00606,461,5,596.42,1,4,3,8,Loyal
CUST00607,251,5,1582.36,3,4,4,11,Champions
CUST00608,480,3,344.31,1,2,2,5,At Risk
CUST00609,33,5,518.71,4,4,3,11,Champions
CUST00610,154,2,135.25,4,1,1,6,Potential
CUST00611,106,6,876.53,4,4,4,12,Champions
CUST00612,2,5,645.9,4,4,3,11,Champions
CUST00613,523,4,344.96999999999997,1,3,2,6,Potential
CUST00614,309,3,505.29,3,2,3,8,Loyal
CUST00615,584,2,121.82000000000001,1,1,1,3,At Risk
CUST00616,267,1,48.85,3,1,1,5,At Risk
CUST00617,638,1,295.2,1,1,2,4,At Risk
CUST00618,281,11,2551.78,3,4,4,11,Champions
CUST00619,92,2,418.34000000000003,4,1,2,7,Potential
CUST00620,346,3,641.24,2,2,3,7,Potential
CUST00621,297,5,710.34,3,4,3,10,Champions
CUST00622,512,3,300.37,1,2,2,5,At Risk
CUST00623,495,8,1205.24,1,4,4,9,Loyal
CUST00624,47,4,274.44,4,3,1,8,Loyal
CUST00625,452,4,191.81,2,3,1,6,Potential
CUST00626,437,3,165.59,2,2,1,5,At Risk
CUST00627,413,4,397.67,2,3,2,7,Potential
CUST00628,363,2,204.11,2,1,1,4,At Risk
CUST00629,101,3,215.98999999999998,4,2,1,7,Potential
CUST00630,5,4,1169.87,4,3,4,11,Champions
CUST00631,594,4,547.35,1,3,3,7,Potential
CUST00632,118,5,633.19,4,4,3,11,Champions
CUST00633,412,3,158.17000000000002,2,2,1,5,At Risk
CUST00634,196,1,171.88,3,1,1,5,At Risk
CUST00636,311,1,60.19,3,1,1,5,At Risk
CUST00637,647,1,91.64,1,1,1,3,At Risk
CUST00638,588,1,89.82,1,1,1,3,At Risk
CUST00639,187,3,1248.35,3,2,4,9,Loyal
CUST00640,379,3,501.8,2,2,3,7,Potential
CUST00641,412,2,323.7,2,1,2,5,At Risk
CUST00642,399,3,451.93000000000006,2,2,2,6,Potential
CUST00643,325,2,927.83,2,1,4,7,Potential
CUST00644,324,6,1180.55,2,4,4,10,Champions
CUST00645,718,1,86.11,1,1,1,3,At Risk
CUST00646,639,2,192.7,1,1,1,3,At Risk
CUST00648,362,3,564.46,2,2,3,7,Potential
CUST00649,294,2,594.23,3,1,3,7,Potential
CUST00650,429,2,323.81,2,1,2,5,At Risk
CUST00651,237,6,728.87,3,4,3,10,Champions
CUST00652,367,6,718.73,2,4,3,9,Loyal
CUST00653,422,5,1069.69,2,4,4,10,Champions
CUST00654,257,4,303.73,3,3,2,8,Loyal
CUST00655,155,6,543.93,4,4,3,11,Champions
CUST00656,323,4,464.26,2,3,2,7,Potential
CUST00657,167,6,1034.19,3,4,4,11,Champions
CUST00658,298,4,379.76,3,3,2,8,Loyal
CUST00659,318,3,572.23,2,2,3,7,Potential
CUST00660,372,2,312.43,2,1,2,5,At Risk
CUST00661,504,4,473.46,1,3,2,6,Potential
CUST00662,147,5,481.67999999999995,4,4,2,10,Champions
CUST00663,326,1,155.9,2,1,1,4,At Risk
CUST00664,404,5,688.55,2,4,3,9,Loyal
CUST00665,25,2,297.34,4,1,2,7,Potential
CUST00666,110,4,529.78,4,3,3,10,Champions
CUST00667,455,2,455.46,2,1,2,5,At Risk
CUST00668,510,1,476.52,1,1,2,4,At Risk
CUST00669,566,2,615.8000000000001,1,1,3,5,At Risk
CUST00670,429,5,747.6800000000001,2,4,3,9,Loyal
CUST00671,534,4,416.63,1,3,2,6,Potential
CUST00672,573,3,484.27,1,2,2,5,At Risk
CUST00673,437,3,377.46000000000004,2,2,2,6,Potential
CUST00674,238,4,1129.3600000000001,3,3,4,10,Champions
CUST00675,338,2,509.15000000000003,2,1,3,6,Potential
CUST00676,592,2,195.52,1,1,1,3,At Risk
CUST00677,181,2,878.11,3,1,4,8,Loyal
CUST00678,691,1,217.35,1,1,1,3,At Risk
CUST00679,176,4,540.06,3,3,3,9,Loyal
CUST00680,71,3,498.27,4,2,3,9,Loyal
CUST00681,601,2,172.68,1,1,1,3,At Risk
CUST00682,401,4,744.51,2,3,3,8,Loyal
CUST00683,10,4,310.49,4,3,2,9,Loyal
CUST00684,450,6,878.28,2,4,4,10,Champions
CUST00685,75,7,798.95,4,4,4,12,Champions
CUST00686,416,6,847.15,2,4,4,10,Champions
CUST00687,340,3,283.18,2,2,1,5,At Risk
CUST00688,187,4,429.25,3,3,2,8,Loyal
CUST00689,369,3,273.94,2,2,1,5,At Risk
CUST00690,391,4,501.04,2,3,3,8,Loyal
CUST00691,435,2,246.87,2,1,1,4,At Risk
CUST00692,148,1,102.09,4,1,1,6,Potential
CUST00693,284,5,1202.06,3,4,4,11,Champions
CUST00694,188,2,223.82,3,1,1,5,At Risk
CUST00696,436,2,325.40999999999997,2,1,2,5,At Risk
CUST00697,387,2,305.23,2,1,2,5,At Risk
CUST00698,204,2,305.13,3,1,2,6,Potential
CUST00699,455,2,348.24,2,1,2,5,At Risk
CUST00700,545,5,987.05,1,4,4,9,Loyal
CUST00701,150,2,322.47,4,1,2,7,Potential
CUST00702,543,3,1103.29,1,2,4,7,Potential
CUST00703,363,3,292.36,2,2,2,6,Potential
CUST00704,408,8,1456.48,2,4,4,10,Champions
CUST00705,165,4,291.37,3,3,2,8,Loyal
CUST00706,410,2,365.52,2,1,2,5,At Risk
CUST00707,200,6,1195.5,3,4,4,11,Champions
CUST00708,335,2,236.39,2,1,1,4,At Risk
CUST00709,577,1,109.75,1,1,1,3,At Risk
CUST00710,50,7,1205.1000000000001,4,4,4,12,Champions
CUST00711,498,4,727.85,1,3,3,7,Potential
CUST00712,419,4,1149.6999999999998,2,3,4,9,Loyal
CUST00713,4,7,1295.14,4,4,4,12,Champions
CUST00714,155,2,372.78999999999996,4,1,2,7,Potential
CUST00715,198,4,771.0699999999999,3,3,4,10,Champions
CUST00716,310,2,467.08,3,1,2,6,Potential
CUST00717,74,1,11.78,4,1,1,6,Potential
CUST00718,108,5,584.12,4,4,3,11,Champions
CUST00719,330,3,425.03,2,2,2,6,Potential
CUST00720,177,3,130.92,3,2,1,6,Potential
CUST00721,572,3,315.35,1,2,2,5,At Risk
CUST00722,505,2,273.32,1,1,1,3,At Risk
CUST00723,321,3,645.1700000000001,2,2,3,7,Potential
CUST00724,477,2,524.27,1,1,3,5,At Risk
CUST00725,497,1,423.1,1,1,2,4,At Risk
CUST00726,268,2,965.15,3,1,4,8,Loyal
CUST00727,533,4,762.1700000000001,1,3,4,8,Loyal
CUST00728,310,5,813.39,3,4,4,11,Champions
CUST00729,123,2,250.01000000000002,4,1,1,6,Potential
CUST00730,2,5,510.15000000000003,4,4,3,11,Champions
CUST00731,561,1,442.12,1,1,2,4,At Risk
CUST00732,131,5,653.87,4,4,3,11,Champions
CUST00733,194,4,491.63,3,3,3,9,Loyal
CUST00734,270,3,786.21,3,2,4,9,Loyal
CUST00735,563,4,346.26,1,3,2,6,Potential
CUST00736,493,2,108.47,1,1,1,3,At Risk
CUST00737,92,6,1168.9,4,4,4,12,Champions
CUST00738,164,4,656.87,3,3,3,9,Loyal
CUST00739,25,1,95.09,4,1,1,6,Potential
CUST00740,479,5,760.53,1,4,4,9,Loyal
CUST00741,510,5,1027.03,1,4,4,9,Loyal
CUST00742,94,5,570.91,4,4,3,11,Champions
CUST00743,396,2,162.83,2,1,1,4,At Risk
CUST00744,95,6,573.1,4,4,3,11,Champions
CUST00745,358,3,336.3,2,2,2,6,Potential
CUST00746,314,2,114.57,2,1,1,4,At Risk
CUST00747,636,4,543.01,1,3,3,7,Potential
CUST00748,579,1,211.54,1,1,1,3,At Risk
CUST00749,430,1,224.73,2,1,1,4,At Risk
CUST00750,68,7,1389.62,4,4,4,12,Champions
CUST00751,567,1,19.4,1,1,1,3,At Risk
CUST00752,155,3,632.15,4,2,3,9,Loyal
CUST00754,420,2,245.73000000000002,2,1,1,4,At Risk
CUST00755,596,1,189.79,1,1,1,3,At Risk
CUST00756,384,2,113.25,2,1,1,4,At Risk
CUST00757,236,4,358.87,3,3,2,8,Loyal
CUST00758,266,3,554.75,3,2,3,8,Loyal
CUST00759,218,6,1375.76,3,4,4,11,Champions
CUST00760,579,2,345.72,1,1,2,4,At Risk
CUST00761,267,8,1729.97,3,4,4,11,Champions
CUST00762,298,5,1451.24,3,4,4,11,Champions
CUST00763,569,3,638.66,1,2,3,6,Potential
CUST00765,189,2,346.03999999999996,3,1,2,6,Potential
CUST00766,105,1,145.86,4,1,1,6,Potential
CUST00767,477,4,697.28,1,3,3,7,Potential
CUST00768,30,1,43.48,4,1,1,6,Potential
CUST00769,518,3,591.13,1,2,3,6,Potential
CUST00770,130,2,392.19,4,1,2,7,Potential
CUST00771,107,5,1204.6000000000001,4,4,4,12,Champions
CUST00772,455,4,1030.1599999999999,2,3,4,9,Loyal
CUST00773,290,4,582.04,3,3,3,9,Loyal
CUST00774,453,3,333.13,2,2,2,6,Potential
CUST00775,351,3,499.81,2,2,3,7,Potential
CUST00776,17,2,206.54000000000002,4,1,1,6,Potential
CUST00777,633,2,170.46,1,1,1,3,At Risk
CUST00778,727,1,111.32,1,1,1,3,At Risk
CUST00779,404,2,226.13,2,1,1,4,At Risk
CUST00780,659,3,763.6500000000001,1,2,4,7,Potential
CUST00781,490,3,353.95,1,2,2,5,At Risk
CUST00782,259,2,770.3199999999999,3,1,4,8,Loyal
CUST00783,205,4,450.39,3,3,2,8,Loyal
CUST00784,433,3,451.79,2,2,2,6,Potential
CUST00785,11,4,889.4200000000001,4,3,4,11,Champions
CUST00786,560,1,203.11,1,1,1,3,At Risk
CUST00787,164,7,1006.45,3,4,4,11,Champions
CUST00788,499,3,1033.87,1,2,4,7,Potential
CUST00789,686,4,521.03,1,3,3,7,Potential
CUST00790,24,4,723.0,4,3,3,10,Champions
CUST00791,551,4,596.13,1,3,3,7,Potential
CUST00792,51,4,776.56,4,3,4,11,Champions
CUST00793,246,8,968.74,3,4,4,11,Champions
CUST00794,30,5,478.88,4,4,2,10,Champions
CUST00795,114,7,912.83,4,4,4,12,Champions
CUST00796,625,2,228.33999999999997,1,1,1,3,At Risk
CUST00797,651,1,500.85,1,1,3,5,At Risk
CUST00798,249,4,1175.23,3,3,4,10,Champions
CUST00799,327,5,600.84,2,4,3,9,Loyal
CUST00800,561,3,423.77,1,2,2,5,At Risk
CUST00801,727,1,413.12,1,1,2,4,At Risk
CUST00802,467,2,253.07000000000002,1,1,1,3,At Risk
CUST00803,118,3,275.53999999999996,4,2,1,7,Potential
CUST00804,301,5,968.32,3,4,4,11,Champions
CUST00805,69,2,374.26,4,1,2,7,Potential
CUST00806,91,4,567.77,4,3,3,10,Champions
CUST00807,218,4,277.42999999999995,3,3,1,7,Potential
CUST00808,68,5,756.3199999999999,4,4,3,11,Champions
CUST00809,71,1,23.53,4,1,1,6,Potential
CUST00810,339,6,919.36,2,4,4,10,Champions
CUST00811,509,3,639.8,1,2,3,6,Potential
CUST00812,558,4,697.38,1,3,3,7,Potential
CUST00813,444,3,454.64,2,2,2,6,Potential
CUST00814,184,4,674.05,3,3,3,9,Loyal
CUST00815,656,3,418.61,1,2,2,5,At Risk
CUST00816,201,5,867.8,3,4,4,11,Champions
CUST00817,688,1,122.82,1,1,1,3,At Risk
CUST00818,622,2,564.51,1,1,3,5,At Risk
CUST00819,361,2,92.83,2,1,1,4,At Risk
CUST00820,398,2,251.01,2,1,1,4,At Risk
CUST00821,181,1,163.68,3,1,1,5,At Risk
CUST00822,310,2,306.53,3,1,2,6,Potential
CUST00823,87,2,424.09000000000003,4,1,2,7,Potential
CUST00824,43,7,816.58,4,4,4,12,Champions
CUST00825,293,4,594.73,3,3,3,9,Loyal
CUST00826,75,3,498.35,4,2,3,9,Loyal
CUST00827,392,3,364.99,2,2,2,6,Potential
CUST00828,104,5,809.46,4,4,4,12,Champions
CUST00829,308,2,488.06,3,1,3,7,Potential
CUST00831,624,1,127.64,1,1,1,3,At Risk
CUST00832,352,2,195.35000000000002,2,1,1,4,At Risk
CUST00833,443,2,289.62,2,1,2,5,At Risk
CUST00834,274,3,813.54,3,2,4,9,Loyal
CUST00835,314,1,96.56,2,1,1,4,At Risk
CUST00836,4,4,673.23,4,3,3,10,Champions
CUST00837,657,1,80.06,1,1,1,3,At Risk
CUST00838,156,3,347.96000000000004,4,2,2,8,Loyal
CUST00839,465,2,1182.93,1,1,4,6,Potential
CUST00840,92,4,741.64,4,3,3,10,Champions
CUST00841,166,4,710.66,3,3,3,9,Loyal
CUST00842,102,5,1239.15,4,4,4,12,Champions
CUST00843,357,1,12.75,2,1,1,4,At Risk
CUST00844,530,2,257.9,1,1,1,3,At Risk
CUST00845,49,7,971.9699999999999,4,4,4,12,Champions
CUST00846,364,2,306.7,2,1,2,5,At Risk
CUST00847,69,1,304.5,4,1,2,7,Potential
CUST00848,67,4,448.9,4,3,2,9,Loyal
CUST00849,84,3,387.98,4,2,2,8,Loyal
CUST00850,71,2,203.20999999999998,4,1,1,6,Potential
CUST00851,448,2,453.43,2,1,2,5,At Risk
CUST00852,41,2,92.7,4,1,1,6,Potential
CUST00853,55,3,403.65999999999997,4,2,2,8,Loyal
CUST00854,579,3,449.38,1,2,2,5,At Risk
CUST00855,77,8,1644.3899999999999,4,4,4,12,Champions
CUST00856,373,3,445.52,2,2,2,6,Potential
CUST00858,385,3,419.1,2,2,2,6,Potential
CUST00859,54,2,127.67,4,1,1,6,Potential
CUST00860,387,4,873.5400000000001,2,3,4,9,Loyal
CUST00861,239,4,489.24,3,3,3,9,Loyal
CUST00862,415,2,187.21999999999997,2,1,1,4,At Risk
CUST00863,24,5,346.13,4,4,2,10,Champions
CUST00864,466,6,904.77,1,4,4,9,Loyal
CUST00865,172,4,211.22,3,3,1,7,Potential
CUST00866,177,2,201.1,3,1,1,5,At Risk
CUST00867,421,5,1144.08,2,4,4,10,Champions
CUST00868,312,6,690.86,2,4,3,9,Loyal
CUST00869,217,3,769.3299999999999,3,2,4,9,Loyal
CUST00870,247,4,601.09,3,3,3,9,Loyal
CUST00871,49,5,515.48,4,4,3,11,Champions
CUST00872,179,7,1326.69,3,4,4,11,Champions
CUST00873,464,4,914.36,1,3,4,8,Loyal
CUST00874,229,4,853.72,3,3,4,10,Champions
CUST00875,553,3,690.0699999999999,1,2,3,6,Potential
CUST00876,314,3,902.31,2,2,4,8,Loyal
CUST00877,118,4,691.13,4,3,3,10,Champions
CUST00878,176,4,321.19,3,3,2,8,Loyal
CUST00879,559,1,102.05,1,1,1,3,At Risk
CUST00880,463,3,517.4200000000001,1,2,3,6,Potential
CUST00882,59,10,1041.71,4,4,4,12,Champions
CUST00883,176,6,840.62,3,4,4,11,Champions
CUST00884,279,6,665.96,3,4,3,10,Champions
CUST00885,445,4,385.44000000000005,2,3,2,7,Potential
CUST00886,540,2,228.74,1,1,1,3,At Risk
CUST00887,25,3,278.2,4,2,1,7,Potential
CUST00888,458,6,917.6,2,4,4,10,Champions
CUST00889,305,2,422.63,3,1,2,6,Potential
CUST00890,111,4,558.24,4,3,3,10,Champions
CUST00892,85,6,850.88,4,4,4,12,Champions
CUST00893,391,5,640.5799999999999,2,4,3,9,Loyal
CUST00894,303,5,1228.71,3,4,4,11,Champions
CUST00895,446,3,339.5,2,2,2,6,Potential
CUST00896,86,5,580.44,4,4,3,11,Champions
CUST00898,116,4,584.3299999999999,4,3,3,10,Champions
CUST00899,272,8,1545.8899999999999,3,4,4,11,Champions
CUST00900,102,7,685.5999999999999,4,4,3,11,Champions
CUST00901,311,4,755.5899999999999,3,3,3,9,Loyal
CUST00902,369,2,687.47,2,1,3,6,Potential
CUST00903,550,2,146.95,1,1,1,3,At Risk
CUST00904,346,2,191.43,2,1,1,4,At Risk
CUST00905,509,4,569.53,1,3,3,7,Potential
CUST00906,450,4,1079.39,2,3,4,9,Loyal
CUST00907,411,2,510.11,2,1,3,6,Potential
CUST00908,390,4,577.66,2,3,3,8,Loyal
CUST00909,261,3,226.35,3,2,1,6,Potential
CUST00910,101,5,1136.15,4,4,4,12,Champions
CUST00911,172,4,499.04,3,3,3,9,Loyal
CUST00912,161,5,723.34,3,4,3,10,Champions
CUST00913,137,3,401.53,4,2,2,8,Loyal
CUST00914,231,4,812.14,3,3,4,10,Champions
CUST00915,237,2,270.40999999999997,3,1,1,5,At Risk
CUST00916,67,3,761.51,4,2,4,10,Champions
CUST00917,302,4,549.85,3,3,3,9,Loyal
CUST00918,458,1,45.68,2,1,1,4,At Risk
CUST00919,274,5,855.72,3,4,4,11,Champions
CUST00920,545,7,1126.18,1,4,4,9,Loyal
CUST00921,141,2,353.47,4,1,2,7,Potential
CUST00922,675,3,145.94,1,2,1,4,At Risk
CUST00924,515,2,457.93,1,1,2,4,At Risk
CUST00925,123,3,971.54,4,2,4,10,Champions
CUST00926,30,5,784.1,4,4,4,12,Champions
CUST00927,589,2,235.16000000000003,1,1,1,3,At Risk
CUST00928,721,1,134.86,1,1,1,3,At Risk
CUST00929,286,2,271.48,3,1,1,5,At Risk
CUST00930,305,2,438.78999999999996,3,1,2,6,Potential
CUST00931,142,6,518.98,4,4,3,11,Champions
CUST00932,339,2,587.6,2,1,3,6,Potential
CUST00933,454,2,444.73,2,1,2,5,At Risk
CUST00934,136,5,852.26,4,4,4,12,Champions
CUST00935,236,4,1102.49,3,3,4,10,Champions
CUST00936,239,5,642.51,3,4,3,10,Champions
CUST00937,589,4,724.31,1,3,3,7,Potential
CUST00938,33,3,401.67,4,2,2,8,Loyal
CUST00939,320,5,1439.44,2,4,4,10,Champions
CUST00940,47,2,293.46999999999997,4,1,2,7,Potential
CUST00941,46,3,367.08000000000004,4,2,2,8,Loyal
CUST00942,569,3,180.86,1,2,1,4,At Risk
CUST00943,256,3,410.93,3,2,2,7,Potential
CUST00944,358,4,584.12,2,3,3,8,Loyal
CUST00945,220,4,312.7,3,3,2,8,Loyal
CUST00946,61,2,91.7,4,1,1,6,Potential
CUST00947,378,3,725.67,2,2,3,7,Potential
CUST00948,413,5,404.21,2,4,2,8,Loyal
CUST00949,73,4,458.34999999999997,4,3,2,9,Loyal
CUST00950,393,5,1299.0,2,4,4,10,Champions
CUST00951,626,2,225.05,1,1,1,3,At Risk
CUST00952,113,4,292.77,4,3,2,9,Loyal
CUST00953,573,3,211.34,1,2,1,4,At Risk
CUST00954,667,3,502.76,1,2,3,6,Potential
CUST00955,151,3,506.29,4,2,3,9,Loyal
CUST00956,182,3,543.45,3,2,3,8,Loyal
CUST00957,112,3,267.7,4,2,1,7,Potential
CUST00958,197,3,881.3399999999999,3,2,4,9,Loyal
CUST00959,36,3,428.87,4,2,2,8,Loyal
CUST00960,66,3,361.33,4,2,2,8,Loyal
CUST00961,271,3,699.27,3,2,3,8,Loyal
CUST00962,19,6,889.08,4,4,4,12,Champions
CUST00963,303,6,758.3399999999999,3,4,3,10,Champions
CUST00964,516,2,178.59,1,1,1,3,At Risk
CUST00965,248,10,1821.1200000000001,3,4,4,11,Champions
CUST00966,702,1,293.48,1,1,2,4,At Risk
CUST00967,480,2,473.55,1,1,2,4,At Risk
CUST00968,44,5,760.72,4,4,4,12,Champions
CUST00969,234,2,251.41000000000003,3,1,1,5,At Risk
CUST00970,569,4,571.49,1,3,3,7,Potential
CUST00971,364,2,569.46,2,1,3,6,Potential
CUST00972,568,1,140.27,1,1,1,3,At Risk
CUST00973,277,2,524.5,3,1,3,7,Potential
CUST00974,363,5,1027.17,2,4,4,10,Champions
CUST00975,470,2,208.03,1,1,1,3,At Risk
CUST00976,156,4,623.48,4,3,3,10,Champions
CUST00977,35,5,449.07,4,4,2,10,Champions
CUST00978,30,4,985.84,4,3,4,11,Champions
CUST00979,579,2,309.82000000000005,1,1,2,4,At Risk
CUST00980,265,3,516.99,3,2,3,8,Loyal
CUST00981,356,2,392.17,2,1,2,5,At Risk
CUST00982,319,6,992.59,2,4,4,10,Champions
CUST00983,499,2,225.85000000000002,1,1,1,3,At Risk
CUST00984,188,3,228.17000000000002,3,2,1,6,Potential
CUST00985,281,3,243.82999999999998,3,2,1,6,Potential
CUST00986,184,3,568.49,3,2,3,8,Loyal
CUST00987,302,5,612.61,3,4,3,10,Champions
CUST00988,158,3,307.78,4,2,2,8,Loyal
CUST00989,621,2,178.17000000000002,1,1,1,3,At Risk
CUST00990,321,3,156.98000000000002,2,2,1,5,At Risk
CUST00992,353,2,676.33,2,1,3,6,Potential
CUST00993,77,4,1446.97,4,3,4,11,Champions
CUST00994,154,6,1178.33,4,4,4,12,Champions
CUST00995,159,2,91.16,3,1,1,5,At Risk
CUST00996,326,5,856.81,2,4,4,10,Champions
CUST00997,722,1,88.38,1,1,1,3,At Risk
CUST00998,48,3,912.64,4,2,4,10,Champions
CUST00999,217,3,286.65999999999997,3,2,2,7,Potential
CUST01000,446,4,961.01,2,3,4,9,Loyal
CUST01001,97,7,908.1700000000001,4,4,4,12,Champions
CUST01002,50,4,569.36,4,3,3,10,Champions
CUST01003,293,4,500.42,3,3,3,9,Loyal
CUST01004,324,6,1208.2,2,4,4,10,Champions
CUST01005,247,1,235.44,3,1,1,5,At Risk
CUST01006,421,2,303.08,2,1,2,5,At Risk
CUST01007,274,6,734.06,3,4,3,10,Champions
CUST01008,398,4,685.59,2,3,3,8,Loyal
CUST01009,260,5,796.8100000000001,3,4,4,11,Champions
CUST01010,402,2,106.33,2,1,1,4,At Risk
CUST01011,10,5,570.18,4,4,3,11,Champions
CUST01012,347,4,923.9299999999998,2,3,4,9,Loyal
CUST01013,455,2,191.35,2,1,1,4,At Risk
CUST01014,89,6,866.72,4,4,4,12,Champions
CUST01015,149,6,1169.45,4,4,4,12,Champions
CUST01016,634,2,217.86,1,1,1,3,At Risk
CUST01017,68,7,1031.23,4,4,4,12,Champions
CUST01018,297,3,389.40000000000003,3,2,2,7,Potential
CUST01019,190,4,581.33,3,3,3,9,Loyal
CUST01020,433,3,342.86,2,2,2,6,Potential
CUST01021,131,2,248.91,4,1,1,6,Potential
CUST01022,387,3,542.72,2,2,3,7,Potential
CUST01023,87,1,254.67,4,1,1,6,Potential
CUST01024,552,4,545.4200000000001,1,3,3,7,Potential
CUST01025,235,3,366.15999999999997,3,2,2,7,Potential
CUST01026,420,5,736.83,2,4,3,9,Loyal
CUST01027,76,5,653.93,4,4,3,11,Champions
CUST01028,596,1,20.09,1,1,1,3,At Risk
CUST01029,255,6,942.0799999999999,3,4,4,11,Champions
CUST01030,390,3,394.54,2,2,2,6,Potential
CUST01031,579,1,176.08,1,1,1,3,At Risk
CUST01032,579,2,308.21000000000004,1,1,2,4,At Risk
CUST01033,408,4,1004.54,2,3,4,9,Loyal
CUST01034,617,1,163.59,1,1,1,3,At Risk
CUST01035,204,4,293.61,3,3,2,8,Loyal
CUST01036,52,4,633.14,4,3,3,10,Champions
CUST01037,712,1,45.0,1,1,1,3,At Risk
CUST01038,336,2,489.42,2,1,3,6,Potential
CUST01039,355,2,160.29,2,1,1,4,At Risk
CUST01040,330,2,233.57,2,1,1,4,At Risk
CUST01041,363,4,578.73,2,3,3,8,Loyal
CUST01042,136,4,456.73,4,3,2,9,Loyal
CUST01043,675,1,117.83,1,1,1,3,At Risk
CUST01044,265,5,1029.45,3,4,4,11,Champions
CUST01045,688,3,569.51,1,2,3,6,Potential
CUST01046,524,2,94.57,1,1,1,3,At Risk
CUST01047,249,4,499.84,3,3,3,9,Loyal
CUST01049,468,6,859.9499999999999,1,4,4,9,Loyal
CUST01050,510,4,733.55,1,3,3,7,Potential
CUST01051,398,2,116.96000000000001,2,1,1,4,At Risk
CUST01052,184,3,516.53,3,2,3,8,Loyal
CUST01053,474,3,603.27,1,2,3,6,Potential
CUST01054,589,2,226.21,1,1,1,3,At Risk
CUST01055,208,4,807.1800000000001,3,3,4,10,Champions
CUST01056,297,5,1122.54,3,4,4,11,Champions
CUST01058,85,6,553.7,4,4,3,11,Champions
CUST01059,184,2,391.69,3,1,2,6,Potential
CUST01060,14,5,355.33,4,4,2,10,Champions
CUST01061,164,4,607.74,3,3,3,9,Loyal
CUST01062,391,2,152.81,2,1,1,4,At Risk
CUST01063,261,5,1105.95,3,4,4,11,Champions
CUST01064,439,4,588.96,2,3,3,8,Loyal
CUST01065,434,5,765.19,2,4,4,10,Champions
CUST01066,442,4,539.02,2,3,3,8,Loyal
CUST01067,446,2,252.29999999999998,2,1,1,4,At Risk
CUST01068,372,4,548.8,2,3,3,8,Loyal
CUST01069,476,2,245.12,1,1,1,3,At Risk
CUST01070,112,6,714.53,4,4,3,11,Champions
CUST01071,186,5,695.63,3,4,3,10,Champions
CUST01072,274,5,553.63,3,4,3,10,Champions
CUST01074,543,1,90.63,1,1,1,3,At Risk
CUST01075,692,1,112.65,1,1,1,3,At Risk
CUST01076,291,7,958.55,3,4,4,11,Champions
CUST01077,352,3,429.14,2,2,2,6,Potential
CUST01078,487,2,299.61,1,1,2,4,At Risk
CUST01079,498,3,261.56,1,2,1,4,At Risk
CUST01080,441,2,572.88,2,1,3,6,Potential
CUST01081,474,2,335.12,1,1,2,4,At Risk
CUST01082,329,3,761.31,2,2,4,8,Loyal
CUST01083,275,3,327.97,3,2,2,7,Potential
CUST01084,5,3,747.04,4,2,3,9,Loyal
CUST01085,202,4,1789.5300000000002,3,3,4,10,Champions
CUST01086,157,4,537.12,4,3,3,10,Champions
CUST01087,289,4,837.84,3,3,4,10,Champions
CUST01088,336,4,499.94000000000005,2,3,3,8,Loyal
CUST01089,504,2,151.54,1,1,1,3,At Risk
CUST01090,425,4,742.9200000000001,2,3,3,8,Loyal
CUST01091,287,2,233.79999999999998,3,1,1,5,At Risk
CUST01092,577,3,947.4000000000001,1,2,4,7,Potential
CUST01093,492,7,902.88,1,4,4,9,Loyal
CUST01094,260,8,719.88,3,4,3,10,Champions
CUST01095,682,1,44.62,1,1,1,3,At Risk
CUST01096,510,4,295.42,1,3,2,6,Potential
CUST01097,280,5,1138.0900000000001,3,4,4,11,Champions
CUST01098,232,2,633.11,3,1,3,7,Potential
CUST01099,448,4,764.01,2,3,4,9,Loyal
CUST01100,287,2,183.31,3,1,1,5,At Risk
CUST01101,453,3,521.54,2,2,3,7,Potential
CUST01102,577,3,338.43,1,2,2,5,At Risk
CUST01103,385,6,862.5500000000001,2,4,4,10,Champions
CUST01104,435,3,635.98,2,2,3,7,Potential
CUST01105,136,4,544.2,4,3,3,10,Champions
CUST01106,151,3,435.49,4,2,2,8,Loyal
CUST01108,263,3,486.39,3,2,2,7,Potential
CUST01109,553,1,65.93,1,1,1,3,At Risk
CUST01110,678,3,209.13,1,2,1,4,At Risk
CUST01111,603,1,45.82,1,1,1,3,At Risk
CUST01112,489,2,267.78,1,1,1,3,At Risk
CUST01113,237,3,587.76,3,2,3,8,Loyal
CUST01114,239,5,700.37,3,4,3,10,Champions
CUST01115,23,4,262.0,4,3,1,8,Loyal
CUST01116,361,2,143.14999999999998,2,1,1,4,At Risk
CUST01117,464,4,404.71000000000004,1,3,2,6,Potential
CUST01118,146,6,1263.53,4,4,4,12,Champions
CUST01119,156,5,1063.06,4,4,4,12,Champions
CUST01120,629,2,87.52000000000001,1,1,1,3,At Risk
CUST01121,21,7,1142.6100000000001,4,4,4,12,Champions
CUST01122,128,3,302.58000000000004,4,2,2,8,Loyal
CUST01123,485,2,108.91,1,1,1,3,At Risk
CUST01124,18,4,734.9,4,3,3,10,Champions
CUST01125,247,2,136.0,3,1,1,5,At Risk
CUST01126,461,3,391.01,1,2,2,5,At Risk
CUST01127,388,7,1125.52,2,4,4,10,Champions
CUST01128,164,5,847.55,3,4,4,11,Champions
CUST01130,617,3,382.93,1,2,2,5,At Risk
CUST01131,604,3,285.99,1,2,2,5,At Risk
CUST01132,492,1,362.96,1,1,2,4,At Risk
CUST01133,132,5,591.36,4,4,3,11,Champions
CUST01134,534,4,734.77,1,3,3,7,Potential
CUST01135,404,2,225.16000000000003,2,1,1,4,At Risk
CUST01136,460,3,322.24,1,2,2,5,At Risk
CUST01137,167,7,550.09,3,4,3,10,Champions
CUST01138,400,4,598.29,2,3,3,8,Loyal
CUST01139,228,1,385.0,3,1,2,6,Potential
CUST01140,276,3,301.76,3,2,2,7,Potential
CUST01141,316,3,163.68,2,2,1,5,At Risk
CUST01142,644,3,465.61,1,2,2,5,At Risk
CUST01143,171,7,1078.57,3,4,4,11,Champions
CUST01144,456,5,617.19,2,4,3,9,Loyal
CUST01145,598,2,59.040000000000006,1,1,1,3,At Risk
CUST01146,20,2,235.43,4,1,1,6,Potential
CUST01147,328,5,570.61,2,4,3,9,Loyal
CUST01148,594,3,380.14,1,2,2,5,At Risk
CUST01149,369,3,589.38,2,2,3,7,Potential
CUST01150,189,4,366.88,3,3,2,8,Loyal
CUST01151,146,4,609.36,4,3,3,10,Champions
CUST01152,368,2,714.6500000000001,2,1,3,6,Potential
CUST01153,470,2,225.06,1,1,1,3,At Risk
CUST01154,38,5,860.23,4,4,4,12,Champions
CUST01155,457,2,274.63,2,1,1,4,At Risk
CUST01156,71,6,1100.22,4,4,4,12,Champions
CUST01157,531,1,13.35,1,1,1,3,At Risk
CUST01158,197,5,838.86,3,4,4,11,Champions
CUST01159,224,4,583.09,3,3,3,9,Loyal
CUST01160,633,2,159.26999999999998,1,1,1,3,At Risk
CUST01161,336,5,707.06,2,4,3,9,Loyal
CUST01162,199,2,118.56,3,1,1,5,At Risk
CUST01163,430,4,919.11,2,3,4,9,Loyal
CUST01164,153,3,146.05,4,2,1,7,Potential
CUST01165,76,7,1081.72,4,4,4,12,Champions
CUST01166,237,2,153.32,3,2,1,6,Potential
CUST01167,597,3,583.6400000000001,1,2,3,6,Potential
CUST01168,18,5,803.94,4,4,4,12,Champions
CUST01169,126,6,691.56,4,4,3,11,Champions
CUST01170,112,7,1457.12,4,4,4,12,Champions
CUST01171,309,3,276.12,3,2,1,6,Potential
CUST01172,224,4,1499.14,3,3,4,10,Champions
CUST01173,86,4,756.77,4,3,3,10,Champions
CUST01174,409,5,486.46,2,4,2,8,Loyal
CUST01176,240,4,709.12,3,3,3,9,Loyal
CUST01177,103,3,484.57,4,2,2,8,Loyal
CUST01178,179,2,331.82000000000005,3,2,2,7,Potential
CUST01179,387,4,299.99,2,3,2,7,Potential
CUST01180,449,1,270.08,2,1,1,4,At Risk
CUST01181,124,3,577.62,4,2,3,9,Loyal
CUST01182,500,3,201.45999999999998,1,2,1,4,At Risk
CUST01183,126,4,1470.29,4,3,4,11,Champions
CUST01184,252,2,837.0100000000001,3,2,4,9,Loyal
CUST01185,177,5,810.12,3,4,4,11,Champions
CUST01186,567,1,42.7,1,1,1,3,At Risk
CUST01187,174,4,137.2,3,3,1,7,Potential
CUST01188,363,4,1125.55,2,3,4,9,Loyal
CUST01189,359,1,337.42,2,1,2,5,At Risk
CUST01190,198,2,257.22,3,2,1,6,Potential
CUST01191,63,5,591.64,4,4,3,11,Champions
CUST01192,718,1,13.83,1,1,1,3,At Risk
CUST01193,666,1,180.97,1,1,1,3,At Risk
CUST01194,170,3,816.9100000000001,3,2,4,9,Loyal
CUST01195,358,4,401.20000000000005,2,3,2,7,Potential
CUST01196,467,2,136.31,1,2,1,4,At Risk
CUST01197,324,3,830.68,2,2,4,8,Loyal
CUST01198,383,1,106.48,2,1,1,4,At Risk
CUST01199,117,1,58.06,4,1,1,6,Potential
CUST01200,455,2,234.87,2,2,1,5,At Risk
CUST01201,228,3,96.83,3,2,1,6,Potential
CUST01202,150,4,371.06,4,3,2,9,Loyal
CUST01203,224,5,745.9,3,4,3,10,Champions
CUST01204,517,6,778.0699999999999,1,4,4,9,Loyal
CUST01205,411,1,128.66,2,1,1,4,At Risk
CUST01206,231,3,360.04,3,2,2,7,Potential
CUST01208,75,3,1438.24,4,2,4,10,Champions
CUST01209,365,5,915.95,2,4,4,10,Champions
CUST01210,47,4,247.59,4,3,1,8,Loyal
CUST01212,365,5,811.6,2,4,4,10,Champions
CUST01213,304,7,1165.52,3,4,4,11,Champions
CUST01214,706,1,202.13,1,1,1,3,At Risk
CUST01215,153,6,1463.55,4,4,4,12,Champions
CUST01216,85,3,363.22,4,2,2,8,Loyal
CUST01217,256,2,924.4100000000001,3,2,4,9,Loyal
CUST01218,493,3,619.97,1,2,3,6,Potential
CUST01219,34,6,963.43,4,4,4,12,Champions
CUST01220,75,6,763.78,4,4,4,12,Champions
CUST01221,140,6,947.39,4,4,4,12,Champions
CUST01222,564,1,144.83,1,1,1,3,At Risk
CUST01223,422,2,340.15,2,2,2,6,Potential
CUST01224,325,2,316.52,2,2,2,6,Potential
CUST01225,92,1,12.95,4,1,1,6,Potential
CUST01226,516,2,343.2,1,2,2,5,At Risk
CUST01227,365,1,181.36,2,1,1,4,At Risk
CUST01228,499,1,41.36,1,1,1,3,At Risk
CUST01229,372,1,45.28,2,1,1,4,At Risk
CUST01230,511,3,419.40999999999997,1,2,2,5,At Risk
CUST01231,186,2,392.73,3,2,2,7,Potential
CUST01232,266,3,1076.56,3,2,4,9,Loyal
CUST01233,219,3,799.6200000000001,3,2,4,9,Loyal
CUST01234,557,2,100.63,1,2,1,4,At Risk
CUST01235,75,4,604.0,4,3,3,10,Champions
CUST01236,254,4,348.06,3,3,2,8,Loyal
CUST01238,640,2,204.98000000000002,1,2,1,4,At Risk
CUST01239,305,7,1234.69,3,4,4,11,Champions
CUST01240,663,2,456.24,1,2,2,5,At Risk
CUST01241,160,3,944.38,3,2,4,9,Loyal
CUST01242,505,1,504.62,1,1,3,5,At Risk
CUST01243,127,3,1286.46,4,2,4,10,Champions
CUST01244,285,8,1317.1399999999999,3,4,4,11,Champions
CUST01245,160,4,944.68,3,3,4,10,Champions
CUST01246,44,4,812.46,4,3,4,11,Champions
CUST01247,492,3,209.45,1,2,1,4,At Risk
CUST01248,23,7,1379.24,4,4,4,12,Champions
CUST01249,459,3,77.15,2,2,1,5,At Risk
CUST01250,35,5,671.31,4,4,3,11,Champions
CUST01251,50,4,664.78,4,3,3,10,Champions
CUST01252,466,6,1427.77,1,4,4,9,Loyal
CUST01253,306,3,273.02,3,2,1,6,Potential
CUST01254,367,2,140.75,2,2,1,5,At Risk
CUST01255,23,5,1303.92,4,4,4,12,Champions
CUST01256,236,4,530.49,3,3,3,9,Loyal
CUST01257,701,2,316.20000000000005,1,2,2,5,At Risk
CUST01258,589,2,599.1300000000001,1,2,3,6,Potential
CUST01259,305,3,674.53,3,2,3,8,Loyal
CUST01260,702,1,54.39,1,1,1,3,At Risk
CUST01261,458,5,695.71,2,4,3,9,Loyal
CUST01262,371,3,449.09000000000003,2,2,2,6,Potential
CUST01263,395,3,311.88,2,2,2,6,Potential
CUST01264,101,6,2320.1400000000003,4,4,4,12,Champions
CUST01265,306,3,326.21,3,2,2,7,Potential
CUST01266,457,3,285.6,2,2,2,6,Potential
CUST01267,81,2,1022.89,4,2,4,10,Champions
CUST01268,538,3,283.5,1,2,1,4,At Risk
CUST01269,515,1,11.82,1,1,1,3,At Risk
CUST01270,355,2,697.26,2,2,3,7,Potential
CUST01271,363,3,654.66,2,2,3,7,Potential
CUST01272,499,5,485.4,1,4,2,7,Potential
CUST01273,448,2,464.03000000000003,2,2,2,6,Potential
CUST01274,359,5,481.7,2,4,2,8,Loyal
CUST01275,57,5,821.62,4,4,4,12,Champions
CUST01276,170,4,1134.74,3,3,4,10,Champions
CUST01277,416,2,526.97,2,2,3,7,Potential
CUST01278,468,3,324.38,1,2,2,5,At Risk
CUST01279,132,3,322.98,4,2,2,8,Loyal
CUST01280,445,5,620.24,2,4,3,9,Loyal
CUST01281,261,5,485.27,3,4,2,9,Loyal
CUST01282,221,2,808.29,3,2,4,9,Loyal
CUST01283,93,3,403.51,4,2,2,8,Loyal
CUST01284,468,4,1151.83,1,3,4,8,Loyal
CUST01285,395,2,90.82,2,2,1,5,At Risk
CUST01286,336,4,699.87,2,3,3,8,Loyal
CUST01287,134,5,245.25,4,4,1,9,Loyal
CUST01288,172,3,743.05,3,2,3,8,Loyal
CUST01289,34,2,283.96,4,2,1,7,Potential
CUST01290,511,1,157.28,1,1,1,3,At Risk
CUST01291,306,2,535.4399999999999,3,2,3,8,Loyal
CUST01292,549,3,365.49,1,2,2,5,At Risk
CUST01293,433,5,376.62,2,4,2,8,Loyal
CUST01294,232,4,184.01,3,3,1,7,Potential
CUST01295,114,4,590.43,4,3,3,10,Champions
CUST01296,83,5,1293.91,4,4,4,12,Champions
CUST01297,58,9,1739.24,4,4,4,12,Champions
CUST01298,623,1,147.94,1,1,1,3,At Risk
CUST01299,432,4,568.59,2,3,3,8,Loyal
CUST01300,249,3,459.83,3,2,2,7,Potential
CUST01301,647,1,216.43,1,1,1,3,At Risk
CUST01302,195,9,1953.06,3,4,4,11,Champions
CUST01303,267,7,1496.25,3,4,4,11,Champions
CUST01304,371,1,143.86,2,1,1,4,At Risk
CUST01305,609,2,384.84000000000003,1,2,2,5,At Risk
CUST01306,340,1,62.71,2,1,1,4,At Risk
CUST01307,459,3,112.47,2,2,1,5,At Risk
CUST01308,532,2,350.53,1,2,2,5,At Risk
CUST01309,439,2,134.14,2,2,1,5,At Risk
CUST01310,588,4,774.68,1,3,4,8,Loyal
CUST01311,427,3,345.05,2,2,2,6,Potential
CUST01312,27,5,1029.6,4,4,4,12,Champions
CUST01313,264,3,1010.1800000000001,3,2,4,9,Loyal
CUST01314,353,1,256.86,2,1,1,4,At Risk
CUST01315,687,1,379.3,1,1,2,4,At Risk
CUST01316,267,4,586.96,3,3,3,9,Loyal
CUST01317,399,3,762.35,2,2,4,8,Loyal
CUST01318,301,3,257.03,3,2,1,6,Potential
CUST01319,347,4,383.36,2,3,2,7,Potential
CUST01320,313,2,315.79999999999995,2,2,2,6,Potential
CUST01321,437,4,597.4300000000001,2,3,3,8,Loyal
CUST01322,295,2,204.26,3,2,1,6,Potential
CUST01323,161,5,674.01,3,4,3,10,Champions
CUST01324,310,2,953.88,3,2,4,9,Loyal
CUST01325,380,4,520.25,2,3,3,8,Loyal
CUST01326,69,6,1512.67,4,4,4,12,Champions
CUST01327,402,5,338.77,2,4,2,8,Loyal
CUST01328,150,5,726.25,4,4,3,11,Champions
CUST01329,507,4,492.04999999999995,1,3,3,7,Potential
CUST01330,336,5,909.41,2,4,4,10,Champions
CUST01331,171,2,565.27,3,2,3,8,Loyal
CUST01332,244,4,731.54,3,3,3,9,Loyal
CUST01333,191,5,891.19,3,4,4,11,Champions
CUST01334,586,1,47.98,1,1,1,3,At Risk
CUST01335,340,4,480.75,2,3,2,7,Potential
CUST01336,416,2,426.68,2,2,2,6,Potential
CUST01337,21,4,566.45,4,3,3,10,Champions
CUST01338,84,3,389.53,4,2,2,8,Loyal
CUST01339,339,3,227.18,2,2,1,5,At Risk
CUST01341,704,1,56.28,1,1,1,3,At Risk
CUST01342,358,5,776.34,2,4,4,10,Champions
CUST01343,152,4,263.95,4,3,1,8,Loyal
CUST01344,81,7,1104.8600000000001,4,4,4,12,Champions
CUST01345,232,3,338.9,3,2,2,7,Potential
CUST01346,102,5,710.54,4,4,3,11,Champions
CUST01347,348,5,1132.56,2,4,4,10,Champions
CUST01348,25,2,215.44,4,2,1,7,Potential
CUST01349,429,2,480.62,2,2,2,6,Potential
CUST01350,236,3,626.72,3,2,3,8,Loyal
CUST01351,357,2,427.12,2,2,2,6,Potential
CUST01353,529,3,738.15,1,2,3,6,Potential
CUST01354,456,4,1042.19,2,3,4,9,Loyal
CUST01355,295,3,568.87,3,2,3,8,Loyal
CUST01356,29,3,383.65,4,2,2,8,Loyal
CUST01357,91,6,631.98,4,4,3,11,Champions
CUST01358,330,1,139.88,2,1,1,4,At Risk
CUST01359,361,3,585.01,2,2,3,7,Potential
CUST01360,214,9,1975.97,3,4,4,11,Champions
CUST01361,212,8,2203.23,3,4,4,11,Champions
CUST01362,636,1,231.45,1,1,1,3,At Risk
CUST01363,113,4,647.27,4,3,3,10,Champions
CUST01364,295,1,420.09,3,1,2,6,Potential
CUST01365,369,4,1248.68,2,3,4,9,Loyal
CUST01366,36,5,443.90999999999997,4,4,2,10,Champions
CUST01367,287,5,885.1,3,4,4,11,Champions
CUST01368,271,6,840.23,3,4,4,11,Champions
CUST01369,469,1,172.67,1,1,1,3,At Risk
CUST01370,187,5,759.77,3,4,4,11,Champions
CUST01371,585,1,113.24,1,1,1,3,At Risk
CUST01372,655,1,209.2,1,1,1,3,At Risk
CUST01373,175,5,998.6,3,4,4,11,Champions
CUST01374,266,4,628.49,3,3,3,9,Loyal
CUST01375,619,1,261.44,1,1,1,3,At Risk
CUST01376,435,2,337.67,2,2,2,6,Potential
CUST01377,500,3,575.61,1,2,3,6,Potential
CUST01378,139,4,1521.32,4,3,4,11,Champions
CUST01379,290,2,542.58,3,2,3,8,Loyal
CUST01380,170,4,1144.43,3,3,4,10,Champions
CUST01381,510,4,404.96000000000004,1,3,2,6,Potential
CUST01382,344,3,339.73,2,2,2,6,Potential
CUST01383,290,5,1092.95,3,4,4,11,Champions
CUST01384,206,3,304.17,3,2,2,7,Potential
CUST01385,203,5,657.47,3,4,3,10,Champions
CUST01386,240,4,777.47,3,3,4,10,Champions
CUST01387,614,2,353.92,1,2,2,5,At Risk
CUST01388,34,3,284.72,4,2,1,7,Potential
CUST01389,420,3,430.73,2,2,2,6,Potential
CUST01390,380,3,493.93,2,2,3,7,Potential
CUST01391,608,1,103.76,1,1,1,3,At Risk
CUST01392,129,8,1231.59,4,4,4,12,Champions
CUST01393,217,3,580.78,3,2,3,8,Loyal
CUST01394,436,3,796.14,2,2,4,8,Loyal
CUST01395,459,3,522.85,2,2,3,7,Potential
CUST01396,540,3,229.51999999999998,1,2,1,4,At Risk
CUST01397,595,3,219.17,1,2,1,4,At Risk
CUST01398,538,2,82.57,1,2,1,4,At Risk
CUST01399,299,3,668.8100000000001,3,2,3,8,Loyal
CUST01400,245,2,610.88,3,2,3,8,Loyal
CUST01401,137,2,406.7,4,2,2,8,Loyal
CUST01402,2,5,321.33,4,4,2,10,Champions
CUST01403,673,4,857.23,1,3,4,8,Loyal
CUST01404,557,1,50.48,1,1,1,3,At Risk
CUST01405,115,6,1011.5899999999999,4,4,4,12,Champions
CUST01406,520,3,890.43,1,2,4,7,Potential
CUST01407,116,2,164.07,4,2,1,7,Potential
CUST01408,629,2,214.88,1,2,1,4,At Risk
CUST01409,631,1,196.63,1,1,1,3,At Risk
CUST01410,400,3,410.99,2,2,2,6,Potential
CUST01411,203,6,658.05,3,4,3,10,Champions
CUST01412,345,4,485.21999999999997,2,3,2,7,Potential
CUST01413,91,4,976.7700000000001,4,3,4,11,Champions
CUST01414,324,3,196.95,2,2,1,5,At Risk
CUST01415,579,3,747.4,1,2,3,6,Potential
CUST01416,296,5,1465.4699999999998,3,4,4,11,Champions
CUST01417,323,4,562.24,2,3,3,8,Loyal
CUST01419,103,7,763.16,4,4,4,12,Champions
CUST01420,671,1,79.11,1,1,1,3,At Risk
CUST01421,479,1,162.66,1,1,1,3,At Risk
CUST01422,43,3,172.57999999999998,4,2,1,7,Potential
CUST01423,11,3,183.46,4,2,1,7,Potential
CUST01424,56,5,713.22,4,4,3,11,Champions
CUST01425,283,4,270.63,3,3,1,7,Potential
CUST01426,532,1,214.81,1,1,1,3,At Risk
CUST01427,1,3,451.36,4,2,2,8,Loyal
CUST01428,120,2,603.78,4,2,3,9,Loyal
CUST01429,158,1,19.28,4,1,1,6,Potential
CUST01430,35,2,601.64,4,2,3,9,Loyal
CUST01431,202,2,287.37,3,2,2,7,Potential
CUST01432,460,5,688.29,1,4,3,8,Loyal
CUST01433,276,6,888.9300000000001,3,4,4,11,Champions
CUST01434,300,1,80.82,3,1,1,5,At Risk
CUST01435,148,3,311.78,4,2,2,8,Loyal
CUST01436,319,4,964.83,2,3,4,9,Loyal
CUST01437,667,2,222.85000000000002,1,2,1,4,At Risk
CUST01438,439,5,1082.7,2,4,4,10,Champions
CUST01439,134,2,180.73000000000002,4,2,1,7,Potential
CUST01440,393,3,381.01,2,2,2,6,Potential
CUST01441,177,7,1048.06,3,4,4,11,Champions
CUST01442,64,2,131.12,4,2,1,7,Potential
CUST01443,2,5,594.76,4,4,3,11,Champions
CUST01444,704,2,261.08000000000004,1,2,1,4,At Risk
CUST01445,33,6,1464.92,4,4,4,12,Champions
CUST01446,567,3,545.26,1,2,3,6,Potential
CUST01447,57,8,1908.61,4,4,4,12,Champions
CUST01448,622,3,590.37,1,2,3,6,Potential
CUST01449,434,3,275.76,2,2,1,5,At Risk
CUST01450,321,2,269.77,2,2,1,5,At Risk
CUST01451,78,2,225.10000000000002,4,2,1,7,Potential
CUST01452,251,6,818.1800000000001,3,4,4,11,Champions
CUST01453,263,2,287.57,3,2,2,7,Potential
CUST01454,220,3,155.61,3,2,1,6,Potential
CUST01455,526,1,11.72,1,1,1,3,At Risk
CUST01456,98,3,745.8,4,2,3,9,Loyal
CUST01457,555,2,114.49,1,2,1,4,At Risk
CUST01458,550,3,326.89,1,2,2,5,At Risk
CUST01459,355,3,447.03,2,2,2,6,Potential
CUST01460,569,3,239.94,1,2,1,4,At Risk
CUST01461,171,3,474.94999999999993,3,2,2,7,Potential
CUST01462,166,6,716.05,3,4,3,10,Champions
CUST01463,90,2,435.41,4,2,2,8,Loyal
CUST01464,329,7,673.11,2,4,3,9,Loyal
CUST01465,130,2,410.81,4,2,2,8,Loyal
CUST01466,208,2,239.13,3,2,1,6,Potential
CUST01467,165,5,1462.72,3,4,4,11,Champions
CUST01468,367,3,786.51,2,2,4,8,Loyal
CUST01469,317,4,692.16,2,3,3,8,Loyal
CUST01470,106,4,818.44,4,3,4,11,Champions
CUST01471,254,1,51.04,3,1,1,5,At Risk
CUST01472,80,1,138.35,4,1,1,6,Potential
CUST01473,331,2,98.65,2,2,1,5,At Risk
CUST01474,701,1,201.54,1,1,1,3,At Risk
CUST01475,380,3,578.66,2,2,3,7,Potential
CUST01476,87,1,53.65,4,1,1,6,Potential
CUST01477,708,1,305.94,1,1,2,4,At Risk
CUST01478,462,1,228.9,1,1,1,3,At Risk
CUST01479,596,1,107.16,1,1,1,3,At Risk
CUST01480,357,1,13.32,2,1,1,4,At Risk
CUST01481,664,1,462.74,1,1,2,4,At Risk
CUST01482,712,1,387.3,1,1,2,4,At Risk
CUST01483,338,4,885.24,2,3,4,9,Loyal
CUST01484,68,2,205.51999999999998,4,2,1,7,Potential
CUST01485,271,4,584.54,3,3,3,9,Loyal
CUST01486,324,3,178.94,2,3,1,6,Potential
CUST01487,650,5,1325.29,1,4,4,9,Loyal
CUST01488,226,3,694.46,3,3,3,9,Loyal
CUST01489,596,2,319.97,1,2,2,5,At Risk
CUST01490,603,1,38.48,1,1,1,3,At Risk
CUST01491,328,4,453.93,2,3,2,7,Potential
CUST01492,461,4,614.39,1,3,3,7,Potential
CUST01493,321,3,340.82,2,3,2,7,Potential
CUST01494,11,5,654.53,4,4,3,11,Champions
CUST01495,155,4,573.64,4,3,3,10,Champions
CUST01496,253,3,538.75,3,3,3,9,Loyal
CUST01497,240,6,779.9399999999999,3,4,4,11,Champions
CUST01498,206,5,874.46,3,4,4,11,Champions
CUST01500,358,3,459.91999999999996,2,3,2,7,Potential
CUST01501,370,3,183.22,2,3,1,6,Potential
CUST01502,359,3,165.86,2,3,1,6,Potential
CUST01503,70,3,135.53,4,3,1,8,Loyal
CUST01504,364,7,1090.96,2,4,4,10,Champions
CUST01505,158,6,1095.79,4,4,4,12,Champions
CUST01506,24,3,447.53000000000003,4,3,2,9,Loyal
CUST01507,28,7,1432.47,4,4,4,12,Champions
CUST01508,291,5,1291.8200000000002,3,4,4,11,Champions
CUST01509,220,1,118.64,3,1,1,5,At Risk
CUST01510,623,1,58.21,1,1,1,3,At Risk
CUST01511,687,1,461.94,1,1,2,4,At Risk
CUST01512,202,2,661.67,3,2,3,8,Loyal
CUST01513,683,1,47.31,1,1,1,3,At Risk
CUST01514,202,4,566.25,3,3,3,9,Loyal
CUST01515,250,7,922.01,3,4,4,11,Champions
CUST01516,330,1,108.07,2,1,1,4,At Risk
CUST01517,399,6,643.25,2,4,3,9,Loyal
CUST01518,91,5,735.65,4,4,3,11,Champions
CUST01519,378,3,435.35999999999996,2,3,2,7,Potential
CUST01520,131,4,434.36,4,3,2,9,Loyal
CUST01521,253,4,543.35,3,3,3,9,Loyal
CUST01522,198,4,418.91999999999996,3,3,2,8,Loyal
CUST01523,25,2,302.08000000000004,4,2,2,8,Loyal
CUST01524,401,2,171.82999999999998,2,2,1,5,At Risk
CUST01525,292,4,251.63,3,3,1,7,Potential
CUST01526,187,3,328.04,3,3,2,8,Loyal
CUST01528,198,4,951.55,3,3,4,10,Champions
CUST01529,281,2,262.03999999999996,3,2,1,6,Potential
CUST01530,591,4,850.05,1,3,4,8,Loyal
CUST01531,632,2,375.73,1,2,2,5,At Risk
CUST01532,86,3,202.14,4,3,1,8,Loyal
CUST01533,250,3,779.93,3,3,4,10,Champions
CUST01534,402,3,75.80000000000001,2,3,1,6,Potential
CUST01535,445,3,244.0,2,3,1,6,Potential
CUST01536,394,3,774.57,2,3,4,9,Loyal
CUST01537,74,4,466.47,4,3,2,9,Loyal
CUST01538,8,4,540.6999999999999,4,3,3,10,Champions
CUST01539,285,3,747.3900000000001,3,3,3,9,Loyal
CUST01540,359,2,276.53000000000003,2,2,1,5,At Risk
CUST01541,446,2,182.79,2,2,1,5,At Risk
CUST01542,424,5,855.3299999999999,2,4,4,10,Champions
CUST01543,391,4,420.1,2,3,2,7,Potential
CUST01544,346,1,18.65,2,1,1,4,At Risk
CUST01545,115,7,1209.55,4,4,4,12,Champions
CUST01546,531,3,629.13,1,3,3,7,Potential
CUST01547,156,6,840.07,4,4,4,12,Champions
CUST01548,176,3,455.42999999999995,3,3,2,8,Loyal
CUST01549,211,4,1764.59,3,3,4,10,Champions
CUST01550,378,3,411.32,2,3,2,7,Potential
CUST01551,51,5,928.41,4,4,4,12,Champions
CUST01552,509,3,807.49,1,3,4,8,Loyal
CUST01553,86,3,307.57,4,3,2,9,Loyal
CUST01554,146,3,284.24,4,3,1,8,Loyal
CUST01555,535,2,291.76,1,2,2,5,At Risk
CUST01556,232,7,765.6899999999999,3,4,4,11,Champions
CUST01557,242,4,814.8900000000001,3,3,4,10,Champions
CUST01558,146,3,681.58,4,3,3,10,Champions
CUST01559,400,3,182.57,2,3,1,6,Potential
CUST01560,111,2,68.71,4,2,1,7,Potential
CUST01561,487,4,388.67,1,3,2,6,Potential
CUST01562,359,4,313.75,2,3,2,7,Potential
CUST01563,112,6,1261.74,4,4,4,12,Champions
CUST01564,102,3,318.63,4,3,2,9,Loyal
CUST01565,67,3,228.71,4,3,1,8,Loyal
CUST01566,215,4,706.24,3,3,3,9,Loyal
CUST01567,249,4,561.97,3,3,3,9,Loyal
CUST01568,131,3,446.08000000000004,4,3,2,9,Loyal
CUST01569,653,1,169.59,1,1,1,3,At Risk
CUST01570,521,4,487.71,1,3,2,6,Potential
CUST01571,394,4,870.34,2,3,4,9,Loyal
CUST01572,389,4,448.28,2,3,2,7,Potential
CUST01573,304,4,289.83,3,3,2,8,Loyal
CUST01574,394,4,725.08,2,3,3,8,Loyal
CUST01575,682,1,88.96,1,1,1,3,At Risk
CUST01576,364,7,1659.91,2,4,4,10,Champions
CUST01577,332,3,576.26,2,3,3,8,Loyal
CUST01578,510,4,780.72,1,3,4,8,Loyal
CUST01579,72,4,403.14,4,3,2,9,Loyal
CUST01581,420,2,134.28,2,2,1,5,At Risk
CUST01582,558,2,440.99,1,2,2,5,At Risk
CUST01583,77,6,830.8800000000001,4,4,4,12,Champions
CUST01584,543,1,182.5,1,1,1,3,At Risk
CUST01585,88,5,1304.48,4,4,4,12,Champions
CUST01586,310,3,471.27,3,3,2,8,Loyal
CUST01587,602,3,609.27,1,3,3,7,Potential
CUST01588,419,2,91.74000000000001,2,2,1,5,At Risk
CUST01589,278,4,1100.71,3,3,4,10,Champions
CUST01590,213,4,302.79,3,3,2,8,Loyal
CUST01591,381,2,312.58000000000004,2,2,2,6,Potential
CUST01592,76,5,1050.17,4,4,4,12,Champions
CUST01593,399,5,1259.06,2,4,4,10,Champions
CUST01594,87,2,135.62,4,2,1,7,Potential
CUST01595,103,4,1172.81,4,3,4,11,Champions
CUST01596,16,3,519.9200000000001,4,3,3,10,Champions
CUST01597,347,3,716.51,2,3,3,8,Loyal
CUST01598,287,3,1057.21,3,3,4,10,Champions
CUST01599,25,5,683.6700000000001,4,4,3,11,Champions
CUST01600,340,2,479.76,2,2,2,6,Potential
CUST01601,613,3,148.12,1,3,1,5,At Risk
CUST01602,247,4,675.94,3,3,3,9,Loyal
CUST01603,296,3,348.08,3,3,2,8,Loyal
CUST01604,567,2,335.08,1,2,2,5,At Risk
CUST01605,312,5,1116.21,2,4,4,10,Champions
CUST01606,108,3,401.53000000000003,4,3,2,9,Loyal
CUST01607,52,6,980.8,4,4,4,12,Champions
CUST01608,58,4,915.65,4,3,4,11,Champions
CUST01609,285,5,971.23,3,4,4,11,Champions
CUST01610,270,5,781.3199999999999,3,4,4,11,Champions
CUST01611,399,3,461.55,2,3,2,7,Potential
CUST01612,609,2,206.47,1,2,1,4,At Risk
CUST01613,565,2,329.69,1,2,2,5,At Risk
CUST01614,368,3,511.26,2,3,3,8,Loyal
CUST01615,200,1,37.2,3,1,1,5,At Risk
CUST01616,159,3,246.63,3,3,1,7,Potential
CUST01617,286,3,569.9,3,3,3,9,Loyal
CUST01618,205,4,843.1500000000001,3,3,4,10,Champions
CUST01619,512,1,89.4,1,1,1,3,At Risk
CUST01620,41,2,588.27,4,2,3,9,Loyal
CUST01621,443,3,424.25,2,3,2,7,Potential
CUST01622,59,8,857.12,4,4,4,12,Champions
CUST01623,656,3,387.7,1,3,2,6,Potential
CUST01624,456,2,132.14,2,2,1,5,At Risk
CUST01625,584,3,598.61,1,3,3,7,Potential
CUST01626,125,7,1012.78,4,4,4,12,Champions
CUST01627,437,4,400.93,2,3,2,7,Potential
CUST01628,475,3,349.40000000000003,1,3,2,6,Potential
CUST01629,366,1,51.71,2,1,1,4,At Risk
CUST01630,504,3,1393.84,1,3,4,8,Loyal
CUST01631,469,3,541.27,1,3,3,7,Potential
CUST01632,470,3,523.11,1,3,3,7,Potential
CUST01633,220,3,636.96,3,3,3,9,Loyal
CUST01634,386,2,329.3,2,2,2,6,Potential
CUST01635,124,4,501.82,4,3,3,10,Champions
CUST01636,75,7,1050.4,4,4,4,12,Champions
CUST01637,273,5,1205.86,3,4,4,11,Champions
CUST01639,260,3,281.58,3,3,1,7,Potential
CUST01640,151,4,596.96,4,3,3,10,Champions
CUST01641,290,2,456.59000000000003,3,2,2,7,Potential
CUST01642,238,6,628.0699999999999,3,4,3,10,Champions
CUST01643,80,2,427.33,4,2,2,8,Loyal
CUST01644,688,1,43.53,1,1,1,3,At Risk
CUST01646,394,2,53.28,2,2,1,5,At Risk
CUST01647,208,5,720.01,3,4,3,10,Champions
CUST01648,462,1,121.75,1,1,1,3,At Risk
CUST01650,403,4,610.54,2,3,3,8,Loyal
CUST01651,368,2,197.14,2,2,1,5,At Risk
CUST01652,63,3,316.36,4,3,2,9,Loyal
CUST01653,93,4,380.8,4,3,2,9,Loyal
CUST01654,104,4,503.67999999999995,4,3,3,10,Champions
CUST01655,378,4,503.72,2,3,3,8,Loyal
CUST01656,434,4,988.9,2,3,4,9,Loyal
CUST01657,139,6,1228.26,4,4,4,12,Champions
CUST01659,119,3,472.72,4,3,2,9,Loyal
CUST01660,537,2,418.93,1,2,2,5,At Risk
CUST01661,251,5,639.3100000000001,3,4,3,10,Champions
CUST01662,468,5,1512.92,1,4,4,9,Loyal
CUST01663,320,2,420.76,2,2,2,6,Potential
CUST01664,125,4,638.28,4,3,3,10,Champions
CUST01665,350,5,1161.9099999999999,2,4,4,10,Champions
CUST01666,448,2,195.86,2,2,1,5,At Risk
CUST01667,656,1,48.21,1,1,1,3,At Risk
CUST01668,647,1,185.28,1,1,1,3,At Risk
CUST01669,186,2,603.52,3,2,3,8,Loyal
CUST01670,52,4,772.28,4,3,4,11,Champions
CUST01671,59,4,335.47999999999996,4,3,2,9,Loyal
CUST01672,187,5,656.71,3,4,3,10,Champions
CUST01673,37,3,325.27,4,3,2,9,Loyal
CUST01674,478,6,834.37,1,4,4,9,Loyal
CUST01675,414,4,603.4,2,3,3,8,Loyal
CUST01676,46,6,461.41999999999996,4,4,2,10,Champions
CUST01677,72,6,701.62,4,4,3,11,Champions
CUST01678,309,5,682.41,3,4,3,10,Champions
CUST01679,87,4,793.5,4,3,4,11,Champions
CUST01680,426,4,304.22,2,3,2,7,Potential
CUST01681,57,3,501.57,4,3,3,10,Champions
CUST01682,454,3,943.5400000000001,2,3,4,9,Loyal
CUST01684,137,2,226.45000000000002,4,2,1,7,Potential
CUST01685,379,3,385.2,2,3,2,7,Potential
CUST01686,18,5,470.21,4,4,2,10,Champions
CUST01687,30,9,1912.73,4,4,4,12,Champions
CUST01688,483,3,685.78,1,3,3,7,Potential
CUST01689,70,5,660.88,4,4,3,11,Champions
CUST01690,531,1,145.65,1,1,1,3,At Risk
CUST01692,568,3,326.28999999999996,1,3,2,6,Potential
CUST01693,670,2,87.03,1,2,1,4,At Risk
CUST01694,659,2,191.79000000000002,1,2,1,4,At Risk
CUST01695,450,2,238.39,2,2,1,5,At Risk
CUST01696,267,3,291.4,3,3,2,8,Loyal
CUST01697,20,2,283.35,4,2,1,7,Potential
CUST01698,118,6,634.72,4,4,3,11,Champions
CUST01699,503,3,256.31,1,3,1,5,At Risk
CUST01700,376,4,622.22,2,3,3,8,Loyal
CUST01701,483,3,292.38,1,3,2,6,Potential
CUST01702,411,6,900.9000000000001,2,4,4,10,Champions
CUST01703,444,3,151.26999999999998,2,3,1,6,Potential
CUST01704,641,3,1040.74,1,3,4,8,Loyal
CUST01705,386,6,1320.53,2,4,4,10,Champions
CUST01706,181,5,417.85,3,4,2,9,Loyal
CUST01707,585,3,353.54999999999995,1,3,2,6,Potential
CUST01708,365,3,288.94,2,3,2,7,Potential
CUST01709,316,2,249.3,2,2,1,5,At Risk
CUST01710,182,5,920.85,3,4,4,11,Champions
CUST01711,333,3,662.1,2,3,3,8,Loyal
CUST01712,424,4,311.61,2,3,2,7,Potential
CUST01713,14,2,277.98,4,2,1,7,Potential
CUST01714,278,4,328.83,3,3,2,8,Loyal
CUST01715,493,1,22.39,1,1,1,3,At Risk
CUST01716,570,4,405.2,1,3,2,6,Potential
CUST01717,583,4,556.85,1,3,3,7,Potential
CUST01718,450,3,289.68,2,3,2,7,Potential
CUST01719,208,7,1435.7,3,4,4,11,Champions
CUST01720,164,5,673.02,3,4,3,10,Champions
CUST01722,377,5,807.7,2,4,4,10,Champions
CUST01723,599,4,267.91,1,3,1,5,At Risk
CUST01724,364,3,302.89,2,3,2,7,Potential
CUST01725,89,5,799.84,4,4,4,12,Champions
CUST01726,238,3,408.72,3,3,2,8,Loyal
CUST01727,629,2,261.98,1,2,1,4,At Risk
CUST01728,131,4,1220.6,4,3,4,11,Champions
CUST01729,109,4,403.38,4,3,2,9,Loyal
CUST01730,627,2,444.11,1,2,2,5,At Risk
CUST01731,313,6,1022.96,2,4,4,10,Champions
CUST01732,239,2,286.52,3,2,2,7,Potential
CUST01733,386,2,198.26999999999998,2,2,1,5,At Risk
CUST01734,585,2,241.76000000000002,1,2,1,4,At Risk
CUST01735,301,5,769.5,3,4,4,11,Champions
CUST01737,2,1,188.83,4,1,1,6,Potential
CUST01738,66,5,507.89,4,4,3,11,Champions
CUST01739,121,4,484.21,4,3,2,9,Loyal
CUST01740,169,6,938.85,3,4,4,11,Champions
CUST01741,543,1,229.01,1,1,1,3,At Risk
CUST01742,219,7,576.06,3,4,3,10,Champions
CUST01744,203,4,490.55,3,3,3,9,Loyal
CUST01745,485,1,42.06,1,1,1,3,At Risk
CUST01746,6,3,323.26,4,3,2,9,Loyal
CUST01747,33,4,904.0999999999999,4,3,4,11,Champions
CUST01748,102,3,271.90999999999997,4,3,1,8,Loyal
CUST01749,238,2,226.29,3,2,1,6,Potential
CUST01750,363,3,1111.6699999999998,2,3,4,9,Loyal
CUST01751,221,2,372.72,3,2,2,7,Potential
CUST01752,385,4,618.64,2,3,3,8,Loyal
CUST01753,341,3,765.47,2,3,4,9,Loyal
CUST01754,518,3,307.99,1,3,2,6,Potential
CUST01755,119,1,130.5,4,1,1,6,Potential
CUST01756,342,4,439.15,2,3,2,7,Potential
CUST01757,67,5,1610.1,4,4,4,12,Champions
CUST01758,28,6,583.25,4,4,3,11,Champions
CUST01759,627,2,265.42,1,2,1,4,At Risk
CUST01760,434,3,1081.44,2,3,4,9,Loyal
CUST01761,248,5,893.39,3,4,4,11,Champions
CUST01763,401,4,905.82,2,3,4,9,Loyal
CUST01764,317,2,114.89999999999999,2,2,1,5,At Risk
CUST01765,257,5,537.4399999999999,3,4,3,10,Champions
CUST01766,468,3,483.13,1,3,2,6,Potential
CUST01767,330,3,296.64,2,3,2,7,Potential
CUST01768,82,6,909.22,4,4,4,12,Champions
CUST01769,647,1,141.28,1,1,1,3,At Risk
CUST01770,638,3,382.1,1,3,2,6,Potential
CUST01771,479,3,570.11,1,3,3,7,Potential
CUST01772,355,3,474.27,2,3,2,7,Potential
CUST01773,369,4,500.82,2,3,3,8,Loyal
CUST01774,369,3,517.9000000000001,2,3,3,8,Loyal
CUST01775,141,3,619.87,4,3,3,10,Champions
CUST01776,397,2,81.74,2,2,1,5,At Risk
CUST01777,534,3,457.78999999999996,1,3,2,6,Potential
CUST01778,363,1,169.62,2,1,1,4,At Risk
CUST01779,189,5,583.08,3,4,3,10,Champions
CUST01780,21,4,1256.19,4,3,4,11,Champions
CUST01781,429,1,56.13,2,1,1,4,At Risk
CUST01782,40,4,854.27,4,3,4,11,Champions
CUST01783,310,3,254.6,3,3,1,7,Potential
CUST01784,31,4,906.77,4,3,4,11,Champions
CUST01785,248,5,889.9200000000001,3,4,4,11,Champions
CUST01786,306,2,267.0,3,2,1,6,Potential
CUST01787,470,4,591.95,1,3,3,7,Potential
CUST01788,256,6,575.81,3,4,3,10,Champions
CUST01790,288,4,352.67,3,4,2,9,Loyal
CUST01791,445,1,106.72,2,1,1,4,At Risk
CUST01792,454,2,398.46,2,2,2,6,Potential
CUST01793,596,1,243.31,1,1,1,3,At Risk
CUST01794,220,4,511.40999999999997,3,4,3,10,Champions
CUST01795,266,4,346.19,3,4,2,9,Loyal
CUST01796,33,4,370.34000000000003,4,4,2,10,Champions
CUST01797,102,2,70.0,4,2,1,7,Potential
CUST01798,58,7,913.48,4,4,4,12,Champions
CUST01799,207,3,514.6500000000001,3,3,3,9,Loyal
CUST01800,366,5,825.47,2,4,4,10,Champions
